race_id,driver_id,p5,p95,actual_position,covered
2022_R01,Max Verstappen,17.7155743598938,18.996591186523435,19.0,0
2022_R01,Daniel Ricciardo,11.091876029968262,14.479978036880482,14.0,1
2022_R01,Lando Norris,12.57088565826416,15.606586456298828,15.0,1
2022_R01,Nicholas Latifi,12.733098888397217,15.300359725952148,16.0,0
2022_R01,Pierre Gasly,17.485125923156737,19.923553466796875,20.0,0
2022_R01,Sergio Perez,16.990375518798828,18.38204689025879,18.0,1
2022_R01,Fernando Alonso,6.615854239463806,9.718694734573365,9.0,1
2022_R01,Charles Leclerc,1.0415042638778687,2.1457087993621826,1.0,0
2022_R01,Lance Stroll,9.470751762390137,12.225351333618164,12.0,1
2022_R01,Kevin Magnussen,3.8583089470863343,4.13073878288269,5.0,0
2022_R01,Yuki Tsunoda,6.4401123285293576,9.046513938903809,8.0,1
2022_R01,Alexander Albon,10.94437928199768,13.609651803970337,13.0,1
2022_R01,Guanyu Zhou,7.448057842254639,10.027735805511474,10.0,1
2022_R01,Nico Hulkenberg,14.349007940292358,18.467983436584472,17.0,1
2022_R01,Esteban Ocon,5.285754537582397,7.102040553092956,7.0,1
2022_R01,Lewis Hamilton,2.235975754261017,2.8991907358169557,3.0,0
2022_R01,Mick Schumacher,8.563125562667846,10.997190380096436,11.0,0
2022_R01,Carlos Sainz,1.3593734502792358,2.068594431877136,2.0,1
2022_R01,George Russell,2.930253028869629,4.464323019981384,4.0,1
2022_R01,Valtteri Bottas,5.2568382024765015,5.8794732093811035,6.0,0
2022_R02,Max Verstappen,1.0,2.9292346358299257,1.0,1
2022_R02,Daniel Ricciardo,13.594946050643921,18.67894868850708,17.0,1
2022_R02,Lando Norris,5.551879572868347,7.515955758094788,7.0,1
2022_R02,Nicholas Latifi,15.837966918945312,20.0,18.0,1
2022_R02,Pierre Gasly,6.713214707374573,8.506101036071778,8.0,1
2022_R02,Sergio Perez,3.9883002758026125,6.445401763916015,4.0,1
2022_R02,Fernando Alonso,14.049157238006591,17.242187118530268,16.0,1
2022_R02,Charles Leclerc,1.2450814247131348,3.616166114807129,2.0,1
2022_R02,Lance Stroll,11.117392539978027,14.56251826286316,13.0,1
2022_R02,Kevin Magnussen,7.030000257492065,10.528691482543945,9.0,1
2022_R02,Yuki Tsunoda,16.20843505859375,20.0,19.0,1
2022_R02,Alexander Albon,11.384093284606934,14.999167346954346,14.0,1
2022_R02,Guanyu Zhou,9.055046081542969,11.286229753494263,11.0,1
2022_R02,Nico Hulkenberg,9.689318799972535,12.469290399551392,12.0,1
2022_R02,Esteban Ocon,4.4619035720825195,8.696795463562012,6.0,1
2022_R02,Lewis Hamilton,8.107134151458741,11.7091064453125,10.0,1
2022_R02,Mick Schumacher,17.916957950592042,20.0,21.0,0
2022_R02,Carlos Sainz,2.0921927094459534,6.0671186447143555,3.0,1
2022_R02,George Russell,4.104264259338379,6.958317732810974,5.0,1
2022_R02,Valtteri Bottas,12.50851559638977,15.985720300674439,15.0,1
2022_R03,Max Verstappen,17.30153636932373,19.70587329864502,18.0,1
2022_R03,Daniel Ricciardo,4.805394506454467,6.369057464599609,6.0,1
2022_R03,Lando Norris,3.633161783218384,7.221987581253051,5.0,1
2022_R03,Sebastian Vettel,16.820921993255617,19.92977647781372,19.0,1
2022_R03,Nicholas Latifi,13.23366322517395,16.366538524627686,16.0,1
2022_R03,Pierre Gasly,6.968356990814209,9.973436260223389,9.0,1
2022_R03,Sergio Perez,1.5012495636940002,4.327996444702148,2.0,1
2022_R03,Fernando Alonso,14.916646909713744,17.555721378326417,17.0,1
2022_R03,Charles Leclerc,1.0,3.9802312850951997,1.0,1
2022_R03,Lance Stroll,9.440916872024536,12.229977464675903,12.0,1
2022_R03,Kevin Magnussen,12.408328199386597,15.598775911331177,14.0,1
2022_R03,Yuki Tsunoda,12.23769998550415,16.75158472061157,15.0,1
2022_R03,Alexander Albon,8.341733503341676,9.96473822593689,10.0,0
2022_R03,Guanyu Zhou,8.738109445571899,11.545384645462036,11.0,1
2022_R03,Esteban Ocon,5.963925790786743,8.711104726791381,7.0,1
2022_R03,Lewis Hamilton,3.0427206993103026,6.0720878601074215,4.0,1
2022_R03,Mick Schumacher,10.52959156036377,13.655631875991801,13.0,1
2022_R03,Carlos Sainz,17.850821495056152,19.943077087402344,20.0,0
2022_R03,George Russell,2.5541598320007326,5.154007816314698,3.0,1
2022_R03,Valtteri Bottas,6.391337513923645,9.269741821289058,8.0,1
2022_R04,Max Verstappen,1.0,1.985726124048233,1.0,1
2022_R04,Daniel Ricciardo,14.959904670715332,18.140716552734375,18.0,1
2022_R04,Lando Norris,2.2903077602386475,5.335356187820435,3.0,1
2022_R04,Sebastian Vettel,6.728076004981995,8.69739065170288,8.0,1
2022_R04,Nicholas Latifi,12.554724073410034,16.417837715148927,16.0,1
2022_R04,Pierre Gasly,9.98488187789917,13.469548749923705,12.0,1
2022_R04,Sergio Perez,1.4626151323318481,2.0993447303771973,2.0,1
2022_R04,Fernando Alonso,16.766674041748047,19.376423168182374,19.0,1
2022_R04,Charles Leclerc,4.54793643951416,6.204107761383057,6.0,1
2022_R04,Lance Stroll,8.650332069396972,10.692848491668702,10.0,1
2022_R04,Kevin Magnussen,6.800734043121338,11.427719116210938,9.0,1
2022_R04,Yuki Tsunoda,5.533155179023742,8.860676288604736,7.0,1
2022_R04,Alexander Albon,8.724991846084595,11.744019508361816,11.0,1
2022_R04,Guanyu Zhou,12.996224212646485,16.354003429412842,15.0,1
2022_R04,Esteban Ocon,12.172983503341674,15.834674549102782,14.0,1
2022_R04,Lewis Hamilton,11.030254364013672,13.800368118286134,13.0,1
2022_R04,Mick Schumacher,15.080128383636474,18.046514415740965,17.0,1
2022_R04,Carlos Sainz,19.6070499420166,20.0,20.0,1
2022_R04,George Russell,3.1116182804107666,6.09698486328125,4.0,1
2022_R04,Valtteri Bottas,3.89032781124115,6.614090371131897,5.0,1
2022_R05,Max Verstappen,1.0,3.5544655203819273,1.0,1
2022_R05,Daniel Ricciardo,10.98274884223938,13.346918773651122,13.0,1
2022_R05,Lando Norris,15.733015298843384,19.21169204711914,19.0,1
2022_R05,Sebastian Vettel,16.1448992729187,17.284171390533448,17.0,1
2022_R05,Nicholas Latifi,10.863763523101806,14.425871515274048,14.0,1
2022_R05,Pierre Gasly,14.678475856781006,18.007211685180664,18.0,1
2022_R05,Sergio Perez,2.8551667809486387,4.623267602920532,4.0,1
2022_R05,Fernando Alonso,8.891134071350098,12.090306329727174,11.0,1
2022_R05,Charles Leclerc,1.5895546078681946,4.95513916015625,2.0,1
2022_R05,Lance Stroll,9.487185907363891,11.914277076721191,10.0,1
2022_R05,Kevin Magnussen,12.610265398025513,18.107267475128175,16.0,1
2022_R05,Yuki Tsunoda,9.39226312637329,12.968933200836181,12.0,1
2022_R05,Alexander Albon,6.418715381622315,9.800536823272704,9.0,1
2022_R05,Guanyu Zhou,17.339241313934327,20.0,20.0,1
2022_R05,Esteban Ocon,6.767578125,9.235984563827515,8.0,1
2022_R05,Lewis Hamilton,5.068366527557373,7.342477321624756,6.0,1
2022_R05,Mick Schumacher,11.777290868759156,17.053103256225587,15.0,1
2022_R05,Carlos Sainz,1.479626202583313,5.109310150146484,3.0,1
2022_R05,George Russell,3.669879937171936,6.8373712539672855,5.0,1
2022_R05,Valtteri Bottas,5.1649657726287845,8.729487419128418,7.0,1
2022_R06,Max Verstappen,1.0,1.6017712354660034,1.0,1
2022_R06,Daniel Ricciardo,9.771204233169556,13.188023567199707,12.0,1
2022_R06,Lando Norris,6.873636245727539,8.42535400390625,8.0,1
2022_R06,Sebastian Vettel,8.590120601654053,12.006421613693238,11.0,1
2022_R06,Nicholas Latifi,12.505675888061523,16.572087287902832,16.0,1
2022_R06,Pierre Gasly,11.148477697372437,13.874704647064208,13.0,1
2022_R06,Sergio Perez,1.694953852891922,2.499190330505371,2.0,1
2022_R06,Fernando Alonso,7.410926294326782,8.964616775512695,9.0,0
2022_R06,Charles Leclerc,16.672134399414062,20.0,20.0,1
2022_R06,Lance Stroll,12.460120248794556,16.551383209228515,15.0,1
2022_R06,Kevin Magnussen,12.592778539657592,17.716798782348633,17.0,1
2022_R06,Yuki Tsunoda,8.302182912826538,10.325536823272705,10.0,1
2022_R06,Alexander Albon,15.049273014068604,19.476322841644286,18.0,1
2022_R06,Guanyu Zhou,16.422584533691406,19.828617286682128,19.0,1
2022_R06,Esteban Ocon,5.237096786499023,6.982650279998779,7.0,0
2022_R06,Lewis Hamilton,3.842698574066162,4.633670926094055,5.0,0
2022_R06,Mick Schumacher,11.594803094863892,15.554838371276855,14.0,1
2022_R06,Carlos Sainz,2.267906904220581,4.484330654144287,4.0,1
2022_R06,George Russell,1.8772164940834046,2.378181290626526,3.0,0
2022_R06,Valtteri Bottas,5.1124989032745365,5.373442602157593,6.0,0
2022_R07,Max Verstappen,1.84732905626297,2.4959643363952635,3.0,0
2022_R07,Daniel Ricciardo,11.19001202583313,13.803030729293823,13.0,1
2022_R07,Lando Norris,4.486595249176025,5.96538782119751,6.0,0
2022_R07,Sebastian Vettel,7.245555114746094,10.82119107246399,10.0,1
2022_R07,Nicholas Latifi,11.56899118423462,15.637778902053833,15.0,1
2022_R07,Pierre Gasly,8.833781814575195,12.192925262451173,11.0,1
2022_R07,Sergio Perez,1.0,1.0,1.0,1
2022_R07,Fernando Alonso,5.7335680484771725,7.004047489166259,7.0,1
2022_R07,Charles Leclerc,3.601970911026001,4.6893985033035275,4.0,1
2022_R07,Lance Stroll,10.879823017120362,15.225829553604125,14.0,1
2022_R07,Kevin Magnussen,18.221284294128417,20.0,20.0,1
2022_R07,Yuki Tsunoda,13.764616680145263,17.2006534576416,17.0,1
2022_R07,Alexander Albon,14.202769422531128,19.14387102127075,18.0,1
2022_R07,Guanyu Zhou,12.799326992034912,15.207177591323852,16.0,0
2022_R07,Esteban Ocon,9.546728610992432,12.915627002716064,12.0,1
2022_R07,Lewis Hamilton,6.778390002250672,8.840812587738037,8.0,1
2022_R07,Mick Schumacher,14.747641468048096,19.395019626617433,19.0,1
2022_R07,Carlos Sainz,1.0298691987991333,2.43930628299713,2.0,1
2022_R07,George Russell,3.858563184738159,4.225302457809448,5.0,0
2022_R07,Valtteri Bottas,7.8582007646560665,9.461439990997315,9.0,1
2022_R08,Max Verstappen,1.0,1.4410698652267455,1.0,1
2022_R08,Daniel Ricciardo,6.325046825408935,9.348952293395996,8.0,1
2022_R08,Lando Norris,7.212292623519898,10.092760515213012,9.0,1
2022_R08,Sebastian Vettel,4.595567941665649,7.496912002563477,6.0,1
2022_R08,Nicholas Latifi,11.847042989730834,16.15507640838623,15.0,1
2022_R08,Pierre Gasly,4.2146687507629395,5.586997842788696,5.0,1
2022_R08,Sergio Perez,1.1466913163661956,2.5308922290802003,2.0,1
2022_R08,Fernando Alonso,5.7667036056518555,8.108360290527344,7.0,1
2022_R08,Charles Leclerc,16.62544403076172,20.0,19.0,1
2022_R08,Lance Stroll,12.53237862586975,16.445595741271973,16.0,1
2022_R08,Kevin Magnussen,14.46445083618164,19.250700092315675,17.0,1
2022_R08,Yuki Tsunoda,9.493641376495361,13.833208084106445,13.0,1
2022_R08,Alexander Albon,9.313327646255493,12.981671953201294,12.0,1
2022_R08,Guanyu Zhou,14.649127626419068,19.30780029296875,18.0,1
2022_R08,Esteban Ocon,7.8754215955734255,11.238444423675537,10.0,1
2022_R08,Lewis Hamilton,2.899977970123291,3.730307102203369,4.0,0
2022_R08,Mick Schumacher,11.087229204177856,13.31317138671875,14.0,0
2022_R08,Carlos Sainz,19.162189483642578,19.995005893707276,20.0,0
2022_R08,George Russell,1.9518394827842713,2.5983831763267515,3.0,0
2022_R08,Valtteri Bottas,8.648515176773072,11.749303245544434,11.0,1
2022_R09,Max Verstappen,1.0,2.2555720806121826,1.0,1
2022_R09,Daniel Ricciardo,8.631009387969971,12.031394815444946,11.0,1
2022_R09,Lando Norris,12.393413496017455,15.598423767089844,15.0,1
2022_R09,Sebastian Vettel,9.25132350921631,13.130625772476197,12.0,1
2022_R09,Nicholas Latifi,13.262709808349609,17.141825771331785,16.0,1
2022_R09,Pierre Gasly,11.510596895217896,14.6685462474823,14.0,1
2022_R09,Sergio Perez,18.260059356689453,20.0,20.0,1
2022_R09,Fernando Alonso,8.642910814285278,9.606460571289062,9.0,1
2022_R09,Charles Leclerc,4.930004501342774,8.25578784942627,5.0,1
2022_R09,Lance Stroll,8.079333829879761,11.161784553527832,10.0,1
2022_R09,Kevin Magnussen,13.48505277633667,18.21267957687378,17.0,1
2022_R09,Yuki Tsunoda,15.227527618408203,18.433128833770752,18.0,1
2022_R09,Alexander Albon,11.25664463043213,14.075772809982299,13.0,1
2022_R09,Guanyu Zhou,6.756189131736756,7.879664373397827,8.0,0
2022_R09,Esteban Ocon,4.883639121055603,6.24072265625,6.0,1
2022_R09,Lewis Hamilton,2.1439935326576234,2.7388668060302734,3.0,0
2022_R09,Mick Schumacher,18.282835006713867,19.344070148468017,19.0,1
2022_R09,Carlos Sainz,1.0,1.4731173872947694,2.0,0
2022_R09,George Russell,2.446533739566803,4.071554803848267,4.0,1
2022_R09,Valtteri Bottas,5.646532917022705,7.675998878479004,7.0,1
2022_R10,Max Verstappen,5.248350071907043,7.632668972015381,7.0,1
2022_R10,Daniel Ricciardo,11.249156188964843,13.796737670898438,13.0,1
2022_R10,Lando Norris,5.278020191192627,6.157518124580383,6.0,1
2022_R10,Sebastian Vettel,6.634232473373413,9.86709566116333,9.0,1
2022_R10,Nicholas Latifi,9.416528177261352,13.243234491348266,12.0,1
2022_R10,Pierre Gasly,13.396068811416626,16.622182655334473,16.0,1
2022_R10,Sergio Perez,1.1936074018478393,2.329553210735321,2.0,1
2022_R10,Fernando Alonso,3.8278497457504272,4.330943369865417,5.0,0
2022_R10,Charles Leclerc,2.2769166946411135,4.138208246231079,4.0,1
2022_R10,Lance Stroll,9.171799755096435,10.854098844528199,11.0,0
2022_R10,Kevin Magnussen,8.261408376693726,11.260547113418578,10.0,1
2022_R10,Yuki Tsunoda,11.46908779144287,14.787675809860229,14.0,1
2022_R10,Alexander Albon,17.37795639038086,20.0,20.0,1
2022_R10,Guanyu Zhou,16.785764598846434,19.477655601501464,19.0,1
2022_R10,Esteban Ocon,12.517495441436768,16.20790958404541,15.0,1
2022_R10,Lewis Hamilton,1.9324136137962342,2.308150124549866,3.0,0
2022_R10,Mick Schumacher,6.066075801849365,8.838900566101074,8.0,1
2022_R10,Carlos Sainz,1.026503574848175,1.9974492251873015,1.0,0
2022_R10,George Russell,17.127334594726562,18.457595825195312,18.0,1
2022_R10,Valtteri Bottas,14.346830749511719,18.03711004257202,17.0,1
2022_R11,Max Verstappen,1.9514057636260986,2.4978118896484376,2.0,1
2022_R11,Daniel Ricciardo,7.033075833320618,9.626578903198242,9.0,1
2022_R11,Lando Norris,5.784441232681274,6.8396456956863405,7.0,0
2022_R11,Sebastian Vettel,13.380591869354248,18.024845790863036,17.0,1
2022_R11,Nicholas Latifi,15.35596137046814,20.0,19.0,1
2022_R11,Pierre Gasly,12.564654350280762,15.825870466232299,15.0,1
2022_R11,Sergio Perez,17.566541385650634,20.0,20.0,1
2022_R11,Fernando Alonso,7.728202533721924,10.494915437698364,10.0,1
2022_R11,Charles Leclerc,1.0,1.1068090200424194,1.0,1
2022_R11,Lance Stroll,11.19475269317627,14.080791425704955,13.0,1
2022_R11,Kevin Magnussen,6.350895881652832,8.261610794067384,8.0,1
2022_R11,Yuki Tsunoda,13.11444993019104,18.28729467391968,16.0,1
2022_R11,Alexander Albon,9.700643301010132,12.255211544036865,12.0,1
2022_R11,Guanyu Zhou,11.765883922576904,14.744329118728638,14.0,1
2022_R11,Esteban Ocon,3.963906490802765,4.604178452491761,5.0,0
2022_R11,Lewis Hamilton,1.8456914901733399,3.75668169260025,3.0,1
2022_R11,Mick Schumacher,4.2175703048706055,6.886411952972412,6.0,1
2022_R11,Carlos Sainz,16.86177215576172,18.08436326980591,18.0,1
2022_R11,George Russell,2.9157724380493164,4.132798194885254,4.0,1
2022_R11,Valtteri Bottas,9.842010927200317,11.604542350769043,11.0,1
2022_R12,Max Verstappen,2.1792054176330566,4.89036705493927,1.0,0
2022_R12,Daniel Ricciardo,6.652052402496338,10.50949959754944,9.0,1
2022_R12,Lando Norris,5.482298231124878,8.183093500137328,7.0,1
2022_R12,Sebastian Vettel,8.790197610855103,12.3471360206604,11.0,1
2022_R12,Nicholas Latifi,13.953190183639526,18.09690628051758,17.0,1
2022_R12,Pierre Gasly,9.955471992492676,13.349091053009033,12.0,1
2022_R12,Sergio Perez,2.386497986316681,6.521554756164551,4.0,1
2022_R12,Fernando Alonso,4.993072724342346,6.870619773864746,6.0,1
2022_R12,Charles Leclerc,17.6186580657959,19.731350135803222,19.0,1
2022_R12,Lance Stroll,8.037857055664062,10.818079233169556,10.0,1
2022_R12,Kevin Magnussen,14.742280960083008,17.495424270629883,18.0,0
2022_R12,Yuki Tsunoda,17.443935012817384,19.88807601928711,20.0,0
2022_R12,Alexander Albon,10.94372844696045,14.560475873947142,13.0,1
2022_R12,Guanyu Zhou,13.03370189666748,17.95198287963867,16.0,1
2022_R12,Esteban Ocon,6.387480926513672,9.383457374572753,8.0,1
2022_R12,Lewis Hamilton,1.289054036140442,4.38407039642334,2.0,1
2022_R12,Mick Schumacher,12.340218448638916,16.41806831359863,15.0,1
2022_R12,Carlos Sainz,3.8040390014648438,5.91823263168335,5.0,1
2022_R12,George Russell,2.0462734699249268,4.706047248840332,3.0,1
2022_R12,Valtteri Bottas,10.906909942626953,14.66074800491333,14.0,1
2022_R13,Max Verstappen,2.693300485610962,3.8347690105438232,1.0,0
2022_R13,Daniel Ricciardo,11.28610610961914,15.671193742752076,15.0,1
2022_R13,Lando Norris,5.257816123962402,7.803765296936035,7.0,1
2022_R13,Sebastian Vettel,6.8462494850158695,10.496185302734375,10.0,1
2022_R13,Nicholas Latifi,15.326041412353515,18.40682601928711,18.0,1
2022_R13,Pierre Gasly,10.60841178894043,12.81866455078125,12.0,1
2022_R13,Sergio Perez,3.781549394130707,5.01805100440979,5.0,1
2022_R13,Fernando Alonso,5.950986361503601,8.600530624389648,8.0,1
2022_R13,Charles Leclerc,3.939682960510254,6.563242053985595,6.0,1
2022_R13,Lance Stroll,8.682113695144654,11.178360223770142,11.0,1
2022_R13,Kevin Magnussen,12.930514287948608,16.97493667602539,16.0,1
2022_R13,Yuki Tsunoda,15.072673511505126,19.64024724960327,19.0,1
2022_R13,Alexander Albon,14.0496319770813,18.567905712127686,17.0,1
2022_R13,Guanyu Zhou,11.17324914932251,14.190868377685547,13.0,1
2022_R13,Esteban Ocon,7.3797663927078245,9.735218048095703,9.0,1
2022_R13,Lewis Hamilton,1.5098247587680818,2.189464008808136,2.0,1
2022_R13,Mick Schumacher,11.332996368408203,14.722852945327759,14.0,1
2022_R13,Carlos Sainz,1.9597133100032806,4.0333959579467775,4.0,1
2022_R13,George Russell,2.699671983718872,3.2423696517944336,3.0,1
2022_R13,Valtteri Bottas,16.482121849060057,18.855913639068604,20.0,0
2022_R14,Max Verstappen,1.2391858100891113,2.832102060317993,1.0,0
2022_R14,Daniel Ricciardo,12.54469141960144,15.950530433654786,15.0,1
2022_R14,Lando Norris,9.874973011016845,12.746069335937499,12.0,1
2022_R14,Sebastian Vettel,6.818618416786194,8.317514610290527,8.0,1
2022_R14,Nicholas Latifi,15.587893772125245,18.07444953918457,18.0,1
2022_R14,Pierre Gasly,9.033847332000732,10.436287641525269,9.0,0
2022_R14,Sergio Perez,1.0759819984436034,2.5578521251678468,2.0,1
2022_R14,Fernando Alonso,3.1418962478637695,5.58886182308197,5.0,1
2022_R14,Charles Leclerc,4.793697214126587,6.167974591255188,6.0,1
2022_R14,Lance Stroll,8.157762050628662,12.024932622909546,11.0,1
2022_R14,Kevin Magnussen,13.26371636390686,17.227740859985353,16.0,1
2022_R14,Yuki Tsunoda,12.468860578536987,15.54713716506958,13.0,1
2022_R14,Alexander Albon,9.134710121154786,10.615277862548828,10.0,1
2022_R14,Guanyu Zhou,10.908491182327271,14.934377193450928,14.0,1
2022_R14,Esteban Ocon,5.681679439544678,8.339768886566162,7.0,1
2022_R14,Lewis Hamilton,19.08285484313965,19.72598819732666,20.0,0
2022_R14,Mick Schumacher,13.951077461242676,17.290987014770508,17.0,1
2022_R14,Carlos Sainz,2.7018354654312136,3.8090367317199707,3.0,1
2022_R14,George Russell,2.951007914543152,3.6270120978355407,4.0,0
2022_R14,Valtteri Bottas,17.884920120239258,19.646028232574462,19.0,1
2022_R15,Max Verstappen,1.0,2.1924294948577883,1.0,1
2022_R15,Daniel Ricciardo,13.929602527618409,18.066368579864502,17.0,1
2022_R15,Lando Norris,6.061881256103516,7.177299547195434,7.0,1
2022_R15,Sebastian Vettel,11.143614530563354,14.171056032180786,14.0,1
2022_R15,Nicholas Latifi,14.837426137924194,17.512019062042235,18.0,0
2022_R15,Pierre Gasly,8.913837432861328,11.711607933044434,11.0,1
2022_R15,Sergio Perez,4.03815598487854,5.072327613830566,5.0,1
2022_R15,Fernando Alonso,4.648250269889831,6.140149068832398,6.0,1
2022_R15,Charles Leclerc,1.5987720251083375,3.7221936225891112,3.0,1
2022_R15,Lance Stroll,8.204880714416504,11.118468046188354,10.0,1
2022_R15,Kevin Magnussen,11.821209526062011,16.14331970214844,15.0,1
2022_R15,Yuki Tsunoda,15.75630612373352,19.82620553970337,20.0,0
2022_R15,Alexander Albon,9.886867570877076,12.2247802734375,12.0,1
2022_R15,Guanyu Zhou,12.997311210632324,16.870050144195556,16.0,1
2022_R15,Esteban Ocon,7.1108866930007935,9.310334873199462,9.0,1
2022_R15,Lewis Hamilton,2.7561640977859496,4.647016525268555,4.0,1
2022_R15,Mick Schumacher,9.933610010147095,13.589103412628173,13.0,1
2022_R15,Carlos Sainz,5.251390981674194,8.62321662902832,8.0,1
2022_R15,George Russell,1.816150861978531,2.1081022024154663,2.0,1
2022_R15,Valtteri Bottas,15.37076644897461,19.761732387542725,19.0,1
2022_R16,Max Verstappen,1.0,1.5855130434036255,1.0,1
2022_R16,Daniel Ricciardo,16.019730854034425,18.103364276885987,17.0,1
2022_R16,Lando Norris,4.721034502983093,7.100308179855347,7.0,1
2022_R16,Sebastian Vettel,18.104156398773192,19.768237590789795,20.0,0
2022_R16,Nicholas Latifi,12.797364902496337,16.650068283081055,15.0,1
2022_R16,Pierre Gasly,6.47367148399353,9.674502182006837,8.0,1
2022_R16,Sergio Perez,4.34694607257843,6.120312118530273,6.0,1
2022_R16,Fernando Alonso,18.520766258239746,19.36414680480957,19.0,1
2022_R16,Charles Leclerc,1.9862322628498077,3.051850414276123,2.0,1
2022_R16,Lance Stroll,15.495322370529175,18.99376811981201,18.0,1
2022_R16,Kevin Magnussen,12.964008045196532,17.899695873260498,16.0,1
2022_R16,Yuki Tsunoda,11.3714204788208,13.40786271095276,14.0,0
2022_R16,Guanyu Zhou,7.795035386085511,11.805135154724121,10.0,1
2022_R16,Esteban Ocon,8.839012145996094,11.218553495407104,11.0,1
2022_R16,Lewis Hamilton,3.557087314128876,7.63986747264862,5.0,1
2022_R16,Nyck De Vries,6.962630009651184,10.819398975372314,9.0,1
2022_R16,Mick Schumacher,9.491568994522094,13.520912170410156,12.0,1
2022_R16,Carlos Sainz,3.4016364336013796,5.221268892288208,4.0,1
2022_R16,George Russell,1.5237358808517456,3.1485283374786377,3.0,1
2022_R16,Valtteri Bottas,10.674246072769165,13.205814266204834,13.0,1
2022_R17,Max Verstappen,5.3446402788162235,7.8896873712539675,7.0,1
2022_R17,Daniel Ricciardo,3.524314618110657,5.430441451072693,5.0,1
2022_R17,Lando Norris,3.0254846692085264,4.429350233078003,4.0,1
2022_R17,Sebastian Vettel,6.1337809562683105,9.508559226989746,8.0,1
2022_R17,Nicholas Latifi,16.645083808898924,19.971619606018066,19.0,1
2022_R17,Pierre Gasly,7.849678993225098,11.435926342010498,10.0,1
2022_R17,Sergio Perez,1.0,3.634895849227905,1.0,1
2022_R17,Fernando Alonso,16.652059650421144,18.894151020050046,18.0,1
2022_R17,Charles Leclerc,1.915298295021057,4.624714016914368,2.0,1
2022_R17,Lance Stroll,4.820829558372497,6.406230688095093,6.0,1
2022_R17,Kevin Magnussen,9.764437246322633,12.601848602294922,12.0,1
2022_R17,Yuki Tsunoda,13.725521850585938,17.271531581878662,15.0,1
2022_R17,Alexander Albon,14.42549557685852,18.781750106811522,17.0,1
2022_R17,Guanyu Zhou,18.26961326599121,19.98508005142212,20.0,0
2022_R17,Esteban Ocon,14.52229709625244,18.31020736694336,16.0,1
2022_R17,Lewis Hamilton,7.207270002365112,11.118092775344849,9.0,1
2022_R17,Mick Schumacher,11.257598733901977,14.14515242576599,13.0,1
2022_R17,Carlos Sainz,1.7733796834945679,4.744968414306641,3.0,1
2022_R17,George Russell,10.997374534606934,14.260191917419434,14.0,1
2022_R17,Valtteri Bottas,8.540535306930542,11.241214418411255,11.0,1
2022_R18,Max Verstappen,1.0,2.396256923675537,1.0,1
2022_R18,Daniel Ricciardo,8.897478389739991,11.821967792510986,11.0,1
2022_R18,Lando Norris,8.986130619049073,11.121916770935059,10.0,1
2022_R18,Sebastian Vettel,4.168062543869018,6.604749846458435,6.0,1
2022_R18,Nicholas Latifi,6.403907203674317,9.482013702392578,9.0,1
2022_R18,Pierre Gasly,13.803786516189575,19.002395343780517,18.0,1
2022_R18,Sergio Perez,1.296188235282898,2.016263508796692,2.0,1
2022_R18,Fernando Alonso,5.8874259233474735,7.9070072889328005,7.0,1
2022_R18,Charles Leclerc,1.4851051568984985,3.261444783210751,3.0,1
2022_R18,Lance Stroll,9.345642900466919,12.210386276245117,12.0,1
2022_R18,Kevin Magnussen,10.845060300827026,15.076025295257567,14.0,1
2022_R18,Yuki Tsunoda,10.827792882919312,14.001116752624512,13.0,1
2022_R18,Alexander Albon,17.355649566650392,20.0,20.0,1
2022_R18,Guanyu Zhou,12.86259503364563,17.107601261138917,16.0,1
2022_R18,Esteban Ocon,3.376364016532898,4.360726356506348,4.0,1
2022_R18,Lewis Hamilton,3.8208887577056885,4.416214466094971,5.0,0
2022_R18,Mick Schumacher,14.057744693756103,18.794754028320312,17.0,1
2022_R18,Carlos Sainz,18.798236846923828,19.310497283935547,19.0,1
2022_R18,George Russell,6.069889402389526,8.778750991821289,8.0,1
2022_R18,Valtteri Bottas,12.402311325073242,16.517714977264404,15.0,1
2022_R19,Max Verstappen,1.0,1.2612817525863647,1.0,1
2022_R19,Daniel Ricciardo,13.214905261993408,17.130802059173583,16.0,1
2022_R19,Lando Norris,5.002893686294556,5.965194201469421,6.0,0
2022_R19,Sebastian Vettel,6.581023693084717,8.410736703872681,8.0,1
2022_R19,Nicholas Latifi,14.002269744873047,18.818035793304443,17.0,1
2022_R19,Pierre Gasly,10.932290935516358,14.728610706329345,14.0,1
2022_R19,Sergio Perez,2.0256564617156982,3.8789995312690735,4.0,0
2022_R19,Fernando Alonso,5.052111744880676,6.700453424453736,7.0,0
2022_R19,Charles Leclerc,2.5700583457946777,4.286629366874695,3.0,1
2022_R19,Lance Stroll,16.096235275268555,18.755393981933594,18.0,1
2022_R19,Kevin Magnussen,6.635532712936401,10.040260744094848,9.0,1
2022_R19,Yuki Tsunoda,7.314042639732361,10.661370420455933,10.0,1
2022_R19,Alexander Albon,10.685256624221802,13.671758460998534,13.0,1
2022_R19,Guanyu Zhou,9.303863525390625,12.753361749649049,12.0,1
2022_R19,Esteban Ocon,9.97479248046875,11.679500579833984,11.0,1
2022_R19,Lewis Hamilton,1.6121512711048127,2.2141189575195312,2.0,1
2022_R19,Mick Schumacher,11.898999357223511,15.935650396347047,15.0,1
2022_R19,Carlos Sainz,17.602813720703125,20.0,20.0,1
2022_R19,George Russell,3.62247633934021,5.218006610870361,5.0,1
2022_R19,Valtteri Bottas,16.864303588867188,19.15941390991211,19.0,1
2022_R20,Max Verstappen,1.0,4.545640921592712,1.0,1
2022_R20,Daniel Ricciardo,5.83810362815857,8.88730435371399,7.0,1
2022_R20,Lando Norris,7.396031856536865,11.17243390083313,9.0,1
2022_R20,Sebastian Vettel,12.105882358551025,15.736212778091431,14.0,1
2022_R20,Nicholas Latifi,14.81486372947693,19.592336177825928,18.0,1
2022_R20,Pierre Gasly,9.021982622146606,12.327158641815185,11.0,1
2022_R20,Sergio Perez,1.9733106791973114,4.881026339530945,3.0,1
2022_R20,Fernando Alonso,15.781503105163575,19.337490463256835,19.0,1
2022_R20,Charles Leclerc,4.661090683937073,7.919235706329346,6.0,1
2022_R20,Lance Stroll,11.887740135192871,14.287761974334718,15.0,0
2022_R20,Kevin Magnussen,14.22450656890869,17.516440677642823,17.0,1
2022_R20,Yuki Tsunoda,17.937336254119874,19.965979671478273,20.0,0
2022_R20,Alexander Albon,9.965371751785279,13.343336248397828,12.0,1
2022_R20,Guanyu Zhou,11.275805377960205,15.046887922286988,13.0,1
2022_R20,Esteban Ocon,6.6859335660934445,9.622250127792357,8.0,1
2022_R20,Lewis Hamilton,1.196202564239502,3.9453340768814087,2.0,1
2022_R20,Mick Schumacher,13.82462043762207,17.90052604675293,16.0,1
2022_R20,Carlos Sainz,4.044890952110291,6.03899085521698,5.0,1
2022_R20,George Russell,2.0232710361480715,4.272860836982727,4.0,1
2022_R20,Valtteri Bottas,9.087938022613525,11.29118790626526,10.0,1
2022_R21,Max Verstappen,3.5453574657440186,6.419349527359008,6.0,1
2022_R21,Daniel Ricciardo,18.11910400390625,19.97045783996582,20.0,0
2022_R21,Lando Norris,14.228013753890991,17.863509941101075,18.0,0
2022_R21,Sebastian Vettel,7.918095207214355,12.089072942733765,11.0,1
2022_R21,Nicholas Latifi,13.497220230102538,17.272369289398192,16.0,1
2022_R21,Pierre Gasly,11.341536283493042,15.073092985153199,14.0,1
2022_R21,Sergio Perez,4.992657661437988,7.454340410232544,7.0,1
2022_R21,Fernando Alonso,4.639616298675537,6.4507874011993405,5.0,1
2022_R21,Charles Leclerc,2.8613213896751404,3.2630278944969175,4.0,0
2022_R21,Lance Stroll,8.133068895339965,10.469215154647827,10.0,1
2022_R21,Kevin Magnussen,17.083191871643066,19.39844493865967,19.0,1
2022_R21,Yuki Tsunoda,14.764299297332764,16.146249771118164,17.0,0
2022_R21,Alexander Albon,11.80408763885498,15.3790048122406,15.0,1
2022_R21,Guanyu Zhou,9.667835235595703,12.740459156036376,12.0,1
2022_R21,Esteban Ocon,5.800948715209961,9.120334148406982,8.0,1
2022_R21,Lewis Hamilton,1.0530527830123901,2.461191511154175,2.0,1
2022_R21,Mick Schumacher,11.15026068687439,14.065059328079224,13.0,1
2022_R21,Carlos Sainz,2.2263429164886475,3.0652821063995357,3.0,1
2022_R21,George Russell,1.0342416703701018,2.067088520526886,1.0,0
2022_R21,Valtteri Bottas,7.128609442710877,9.640002012252808,9.0,1
2022_R22,Max Verstappen,1.1546471118927002,4.319576859474182,1.0,0
2022_R22,Daniel Ricciardo,7.146695065498352,10.857776165008545,9.0,1
2022_R22,Lando Norris,4.8636163711547855,5.569159984588623,6.0,0
2022_R22,Sebastian Vettel,7.318353652954102,11.683953714370727,10.0,1
2022_R22,Nicholas Latifi,15.648791742324828,18.52847089767456,19.0,0
2022_R22,Pierre Gasly,11.326667070388794,14.963868474960327,14.0,1
2022_R22,Sergio Perez,1.5163713693618774,3.211890697479248,3.0,1
2022_R22,Fernando Alonso,17.595109367370604,19.40614719390869,20.0,0
2022_R22,Charles Leclerc,1.2695280492305756,4.002439022064209,2.0,1
2022_R22,Lance Stroll,5.834320306777954,9.015081644058228,8.0,1
2022_R22,Kevin Magnussen,14.690649032592773,19.19382162094116,17.0,1
2022_R22,Yuki Tsunoda,8.897961711883545,11.949752187728881,11.0,1
2022_R22,Alexander Albon,10.047913026809692,13.225744390487671,13.0,1
2022_R22,Guanyu Zhou,9.548922157287597,12.103968143463135,12.0,1
2022_R22,Esteban Ocon,6.0056593179702755,7.104496335983276,7.0,1
2022_R22,Lewis Hamilton,16.987416553497315,19.643985748291016,18.0,1
2022_R22,Mick Schumacher,13.296175956726074,17.454352474212648,16.0,1
2022_R22,Carlos Sainz,2.8081870079040527,4.2345871210098265,4.0,1
2022_R22,George Russell,4.048582077026367,4.637230014801025,5.0,0
2022_R22,Valtteri Bottas,11.941865491867066,16.24030456542969,15.0,1
2023_R01,Max Verstappen,1.0,2.2255544662475586,1.0,1
2023_R01,Logan Sargeant,9.142640638351441,12.596553850173951,12.0,1
2023_R01,Lando Norris,13.888684463500976,17.037632846832274,17.0,1
2023_R01,Pierre Gasly,7.042274904251099,9.084808301925658,9.0,1
2023_R01,Sergio Perez,1.0211329460144043,2.336137628555298,2.0,1
2023_R01,Fernando Alonso,2.003020966053009,2.7351889133453366,3.0,0
2023_R01,Charles Leclerc,17.311553955078125,18.988588333129883,19.0,0
2023_R01,Lance Stroll,4.234355306625366,6.130835676193238,6.0,1
2023_R01,Kevin Magnussen,10.166997861862182,13.92772102355957,13.0,1
2023_R01,Nyck De Vries,11.2568941116333,14.367342805862426,14.0,1
2023_R01,Yuki Tsunoda,8.887559175491333,11.197224140167236,11.0,1
2023_R01,Alexander Albon,7.286228537559509,10.535578632354737,10.0,1
2023_R01,Guanyu Zhou,13.064877319335938,17.08089256286621,16.0,1
2023_R01,Nico Hulkenberg,12.750782537460328,16.858778190612792,15.0,1
2023_R01,Esteban Ocon,12.88928952217102,18.20967197418213,18.0,1
2023_R01,Lewis Hamilton,3.736888885498047,4.446900391578675,5.0,0
2023_R01,Carlos Sainz,2.712049436569214,4.218972277641296,4.0,1
2023_R01,George Russell,5.494172096252441,7.2085141897201535,7.0,1
2023_R01,Valtteri Bottas,6.453935170173645,8.67617416381836,8.0,1
2023_R01,Oscar Piastri,17.59259033203125,20.0,20.0,1
2023_R02,Max Verstappen,1.8345206081867218,5.256293773651123,2.0,1
2023_R02,Logan Sargeant,12.957745552062988,15.402111148834228,16.0,0
2023_R02,Lando Norris,14.120635414123536,17.25645751953125,17.0,1
2023_R02,Pierre Gasly,6.862038612365723,10.070910310745239,9.0,1
2023_R02,Sergio Perez,1.00127671957016,4.405619668960571,1.0,0
2023_R02,Fernando Alonso,1.8883676528930664,4.398143076896668,3.0,1
2023_R02,Charles Leclerc,5.357473540306091,8.514041233062745,7.0,1
2023_R02,Lance Stroll,17.644313049316406,20.0,20.0,1
2023_R02,Kevin Magnussen,7.709619426727295,10.442627096176146,10.0,1
2023_R02,Nyck De Vries,11.041078567504883,15.019736289978027,14.0,1
2023_R02,Yuki Tsunoda,8.83989863395691,12.152167701721192,11.0,1
2023_R02,Alexander Albon,15.966395807266235,19.892277717590332,19.0,1
2023_R02,Guanyu Zhou,10.245955848693848,13.73132610321045,13.0,1
2023_R02,Nico Hulkenberg,9.459986400604247,13.468480443954467,12.0,1
2023_R02,Esteban Ocon,6.157467174530029,10.071616268157959,8.0,1
2023_R02,Lewis Hamilton,3.762404441833496,6.696445775032044,5.0,1
2023_R02,Carlos Sainz,4.246323847770691,8.593631649017334,6.0,1
2023_R02,George Russell,2.3617223739624023,6.713153505325318,4.0,1
2023_R02,Valtteri Bottas,14.546448802947998,18.896717739105224,18.0,1
2023_R02,Oscar Piastri,12.667040824890137,17.228977966308594,15.0,1
2023_R03,Max Verstappen,1.0,2.1864047050476074,1.0,1
2023_R03,Logan Sargeant,13.565543270111084,16.391582107543947,16.0,1
2023_R03,Lando Norris,5.190655755996704,6.39193639755249,6.0,1
2023_R03,Pierre Gasly,9.986211156845092,13.863602876663208,13.0,1
2023_R03,Sergio Perez,4.469079494476318,4.797114992141724,5.0,0
2023_R03,Fernando Alonso,1.7309292256832123,2.4793790936470033,3.0,0
2023_R03,Charles Leclerc,19.298077201843263,20.0,20.0,1
2023_R03,Lance Stroll,3.1782834768295287,3.697371816635132,4.0,0
2023_R03,Kevin Magnussen,13.56082124710083,18.206595706939698,17.0,1
2023_R03,Nyck De Vries,11.82337474822998,16.393093204498292,15.0,1
2023_R03,Yuki Tsunoda,8.158134412765502,9.931474208831787,10.0,0
2023_R03,Alexander Albon,17.325878143310547,19.436385250091554,19.0,1
2023_R03,Guanyu Zhou,6.68245165348053,9.862629318237305,9.0,1
2023_R03,Nico Hulkenberg,5.989886522293091,7.608166813850403,7.0,1
2023_R03,Esteban Ocon,11.091403484344482,14.49445629119873,14.0,1
2023_R03,Lewis Hamilton,1.2432271242141724,1.7221043944358825,2.0,0
2023_R03,Carlos Sainz,9.98910903930664,12.146740913391113,12.0,1
2023_R03,George Russell,17.219658946990968,18.6186243057251,18.0,1
2023_R03,Valtteri Bottas,8.96439266204834,10.735517406463623,11.0,0
2023_R03,Oscar Piastri,6.146908235549927,9.151925611495972,8.0,1
2023_R04,Max Verstappen,1.020995020866394,5.043286228179931,2.0,1
2023_R04,Logan Sargeant,12.956351470947265,17.958005905151367,16.0,1
2023_R04,Lando Norris,7.110534310340881,11.030747556686402,9.0,1
2023_R04,Pierre Gasly,11.234675931930543,15.03565559387207,14.0,1
2023_R04,Sergio Perez,1.0,3.831557548046112,1.0,1
2023_R04,Fernando Alonso,2.804799461364746,5.349501132965088,4.0,1
2023_R04,Charles Leclerc,2.8918047308921815,5.761137557029724,3.0,1
2023_R04,Lance Stroll,5.454857301712036,7.350249242782593,7.0,1
2023_R04,Kevin Magnussen,10.430788230895995,14.179885339736938,13.0,1
2023_R04,Nyck De Vries,17.18982219696045,20.0,20.0,1
2023_R04,Yuki Tsunoda,8.094233226776122,11.25776047706604,10.0,1
2023_R04,Alexander Albon,10.31567940711975,13.711802005767822,12.0,1
2023_R04,Guanyu Zhou,14.997765684127808,20.0,19.0,1
2023_R04,Nico Hulkenberg,14.275772428512573,16.453973960876464,17.0,0
2023_R04,Esteban Ocon,12.078023052215576,15.487406730651855,15.0,1
2023_R04,Lewis Hamilton,4.439383625984192,8.265101432800293,6.0,1
2023_R04,Carlos Sainz,3.6758970975875855,7.3595621347427365,5.0,1
2023_R04,George Russell,6.04787540435791,8.205259370803832,8.0,1
2023_R04,Valtteri Bottas,15.54984745979309,18.695845317840575,18.0,1
2023_R04,Oscar Piastri,8.861076211929321,13.12656888961792,11.0,1
2023_R05,Max Verstappen,1.1874922513961792,4.26579065322876,1.0,0
2023_R05,Logan Sargeant,17.292786026000975,20.0,20.0,1
2023_R05,Lando Norris,14.181623458862305,19.081518173217773,17.0,1
2023_R05,Pierre Gasly,6.453884124755859,9.834078931808472,8.0,1
2023_R05,Sergio Perez,1.9683291912078857,5.031396698951721,2.0,1
2023_R05,Fernando Alonso,1.5795270204544067,5.448834109306335,3.0,1
2023_R05,Charles Leclerc,5.51806116104126,9.085853576660156,7.0,1
2023_R05,Lance Stroll,9.97817120552063,12.772096252441406,12.0,1
2023_R05,Kevin Magnussen,8.431303977966309,11.687069988250732,10.0,1
2023_R05,Nyck De Vries,14.701022291183472,19.40493001937866,18.0,1
2023_R05,Yuki Tsunoda,9.43313021659851,11.827649354934692,11.0,1
2023_R05,Alexander Albon,11.521396350860595,14.86291799545288,14.0,1
2023_R05,Guanyu Zhou,13.091263103485108,17.933971214294434,16.0,1
2023_R05,Nico Hulkenberg,12.532031679153443,16.837724685668945,15.0,1
2023_R05,Esteban Ocon,7.832621455192566,10.740465784072876,9.0,1
2023_R05,Lewis Hamilton,4.977366852760315,7.288949656486511,6.0,1
2023_R05,Carlos Sainz,3.466559410095215,7.315402317047119,5.0,1
2023_R05,George Russell,2.881612777709961,5.420736527442932,4.0,1
2023_R05,Valtteri Bottas,10.549437236785888,14.4542818069458,13.0,1
2023_R05,Oscar Piastri,16.333535957336426,20.0,19.0,1
2023_R06,Max Verstappen,1.0,4.27000093460083,1.0,1
2023_R06,Logan Sargeant,14.456797885894776,19.054372787475586,18.0,1
2023_R06,Lando Norris,7.031302952766419,9.305109310150147,9.0,1
2023_R06,Pierre Gasly,5.652670741081238,6.93565731048584,7.0,0
2023_R06,Sergio Perez,10.820689153671264,13.245455551147462,16.0,0
2023_R06,Fernando Alonso,1.0762354135513306,2.071659564971924,2.0,1
2023_R06,Charles Leclerc,4.861673212051391,6.076971530914307,6.0,1
2023_R06,Lance Stroll,16.95662212371826,19.974541568756102,20.0,0
2023_R06,Kevin Magnussen,15.921743869781494,19.875463008880615,19.0,1
2023_R06,Nyck De Vries,10.326749086380005,13.678913784027099,12.0,1
2023_R06,Yuki Tsunoda,12.072793674468993,16.91758155822754,15.0,1
2023_R06,Alexander Albon,12.056680631637573,15.038028764724732,14.0,1
2023_R06,Guanyu Zhou,10.07724494934082,13.384273052215576,13.0,1
2023_R06,Nico Hulkenberg,14.069808769226075,17.967343044281005,17.0,1
2023_R06,Esteban Ocon,2.112708806991577,2.9287028074264527,3.0,0
2023_R06,Lewis Hamilton,2.8991117000579836,3.1325387477874758,4.0,0
2023_R06,Carlos Sainz,6.151598477363587,8.398389720916748,8.0,1
2023_R06,George Russell,3.3512944340705872,6.783464765548706,5.0,1
2023_R06,Valtteri Bottas,9.029467296600341,12.44933886528015,11.0,1
2023_R06,Oscar Piastri,8.159995079040527,11.719751071929931,10.0,1
2023_R07,Max Verstappen,1.0,1.7906409859657288,1.0,1
2023_R07,Logan Sargeant,17.062246990203857,20.0,20.0,1
2023_R07,Lando Norris,15.030028533935546,17.794428253173827,17.0,1
2023_R07,Pierre Gasly,7.66192262172699,11.09919695854187,10.0,1
2023_R07,Sergio Perez,3.0157408595085142,4.0847289085388185,4.0,1
2023_R07,Fernando Alonso,5.327827954292298,6.806797027587891,7.0,0
2023_R07,Charles Leclerc,8.352485942840577,10.729522848129273,11.0,0
2023_R07,Lance Stroll,4.234706878662109,6.324639844894409,6.0,1
2023_R07,Kevin Magnussen,14.429250240325928,19.384776401519776,18.0,1
2023_R07,Nyck De Vries,11.740623474121094,15.00477032661438,14.0,1
2023_R07,Yuki Tsunoda,9.16080732345581,12.093745231628418,12.0,1
2023_R07,Alexander Albon,13.354921627044678,17.386751747131346,16.0,1
2023_R07,Guanyu Zhou,7.193331289291382,9.9459716796875,9.0,1
2023_R07,Nico Hulkenberg,11.98547854423523,14.841143608093262,15.0,0
2023_R07,Esteban Ocon,6.098231673240662,8.12465147972107,8.0,1
2023_R07,Lewis Hamilton,1.1943888664245605,2.0769901514053344,2.0,1
2023_R07,Carlos Sainz,3.648826038837433,4.781808876991272,5.0,0
2023_R07,George Russell,2.467620015144348,4.9729573965072635,3.0,1
2023_R07,Valtteri Bottas,15.45543966293335,20.0,19.0,1
2023_R07,Oscar Piastri,9.849302434921265,13.79656138420105,13.0,1
2023_R08,Max Verstappen,1.0,2.0571813583374023,1.0,1
2023_R08,Logan Sargeant,17.104405403137207,20.0,20.0,1
2023_R08,Lando Norris,10.572355651855469,12.86169753074646,13.0,0
2023_R08,Pierre Gasly,9.651764726638794,12.23286347389221,12.0,1
2023_R08,Sergio Perez,3.8763997912406922,6.275987958908081,6.0,1
2023_R08,Fernando Alonso,1.0703576803207397,2.228813886642456,2.0,1
2023_R08,Charles Leclerc,3.754244256019592,5.417684721946716,4.0,1
2023_R08,Lance Stroll,6.971916675567627,9.757503747940063,9.0,1
2023_R08,Kevin Magnussen,13.950899982452393,18.10308265686035,17.0,1
2023_R08,Nyck De Vries,14.358480787277221,19.61952896118164,18.0,1
2023_R08,Yuki Tsunoda,11.18035798072815,14.298686361312866,14.0,1
2023_R08,Alexander Albon,6.393569469451904,7.861423492431641,7.0,1
2023_R08,Guanyu Zhou,12.956944751739503,15.175528240203857,16.0,0
2023_R08,Nico Hulkenberg,11.18918809890747,16.583150005340578,15.0,1
2023_R08,Esteban Ocon,6.113763332366943,8.892221641540527,8.0,1
2023_R08,Lewis Hamilton,1.9849511682987213,3.2528789043426514,3.0,1
2023_R08,Carlos Sainz,3.810164451599121,6.91219310760498,5.0,1
2023_R08,George Russell,17.354105281829835,19.515625953674316,19.0,1
2023_R08,Valtteri Bottas,7.949510145187378,11.061294889450073,10.0,1
2023_R08,Oscar Piastri,8.664791584014893,11.538824081420898,11.0,1
2023_R09,Max Verstappen,1.0036716878414154,2.4681694507598877,1.0,0
2023_R09,Logan Sargeant,10.392398643493653,13.158273744583129,13.0,1
2023_R09,Lando Norris,2.844126057624817,4.2309091806411745,4.0,1
2023_R09,Pierre Gasly,6.873579359054565,10.975364875793456,10.0,1
2023_R09,Sergio Perez,2.853794574737549,4.496665406227112,3.0,1
2023_R09,Fernando Alonso,3.6057455778121947,4.230258941650391,5.0,0
2023_R09,Charles Leclerc,1.0122605323791505,2.3575705170631407,2.0,1
2023_R09,Lance Stroll,7.355319476127624,9.4693603515625,9.0,1
2023_R09,Kevin Magnussen,15.473513126373291,18.773270320892333,18.0,1
2023_R09,Nyck De Vries,13.944002962112426,16.571007537841798,17.0,0
2023_R09,Yuki Tsunoda,14.98206181526184,19.92564935684204,19.0,1
2023_R09,Alexander Albon,8.472057771682739,11.844537925720214,11.0,1
2023_R09,Guanyu Zhou,9.502700710296631,13.141669082641602,12.0,1
2023_R09,Nico Hulkenberg,16.18126802444458,19.12122983932495,20.0,0
2023_R09,Esteban Ocon,11.532962894439697,14.544254302978516,14.0,1
2023_R09,Lewis Hamilton,6.196798205375671,7.923639035224914,8.0,0
2023_R09,Carlos Sainz,3.9056282162666323,6.526792359352112,6.0,1
2023_R09,George Russell,5.306640672683716,7.541712141036987,7.0,1
2023_R09,Valtteri Bottas,11.795305395126343,15.65070915222168,15.0,1
2023_R09,Oscar Piastri,13.133169364929199,17.06721305847168,16.0,1
2023_R10,Max Verstappen,1.0,4.603201007843017,1.0,1
2023_R10,Logan Sargeant,8.513204860687257,10.7213369846344,11.0,0
2023_R10,Lando Norris,1.6576704144477845,4.6248541355133055,2.0,1
2023_R10,Pierre Gasly,15.796166944503785,19.022711086273194,18.0,1
2023_R10,Sergio Perez,4.258516550064087,7.529292345046996,6.0,1
2023_R10,Fernando Alonso,5.039622783660889,8.339963579177857,7.0,1
2023_R10,Charles Leclerc,7.006922721862793,9.761494302749634,9.0,1
2023_R10,Lance Stroll,11.641853761672973,16.01553726196289,14.0,1
2023_R10,Kevin Magnussen,16.968107223510742,19.97543125152588,19.0,1
2023_R10,Nyck De Vries,14.136773014068604,18.0916277885437,17.0,1
2023_R10,Yuki Tsunoda,13.073129081726075,18.199063968658447,16.0,1
2023_R10,Alexander Albon,7.1514932870864865,9.63506817817688,8.0,1
2023_R10,Guanyu Zhou,12.509784698486328,16.376541805267333,15.0,1
2023_R10,Nico Hulkenberg,10.043026351928711,13.251669979095459,13.0,1
2023_R10,Esteban Ocon,18.50871810913086,19.902334213256836,20.0,0
2023_R10,Lewis Hamilton,2.0589725971221924,4.7616931915283205,3.0,1
2023_R10,Carlos Sainz,8.238522958755492,12.5096435546875,10.0,1
2023_R10,George Russell,3.716341018676758,6.379816746711731,5.0,1
2023_R10,Valtteri Bottas,9.242727661132813,11.278758096694947,12.0,0
2023_R10,Oscar Piastri,2.575951087474823,5.346790289878845,4.0,1
2023_R11,Max Verstappen,1.0,1.422497272491455,1.0,1
2023_R11,Logan Sargeant,15.10256290435791,17.39440784454346,18.0,0
2023_R11,Daniel Ricciardo,10.990256309509277,14.083227729797363,13.0,1
2023_R11,Lando Norris,1.4171545147895812,1.6307419538497925,2.0,0
2023_R11,Pierre Gasly,17.370119953155516,20.0,20.0,1
2023_R11,Sergio Perez,1.905985951423645,4.444037914276123,3.0,1
2023_R11,Fernando Alonso,6.690059995651245,9.412217044830323,9.0,1
2023_R11,Charles Leclerc,5.392082214355469,7.110446166992188,7.0,1
2023_R11,Lance Stroll,8.024819326400756,10.505478763580323,10.0,1
2023_R11,Kevin Magnussen,13.96495337486267,16.500613021850587,17.0,0
2023_R11,Yuki Tsunoda,12.292037010192871,16.371913051605226,15.0,1
2023_R11,Alexander Albon,8.727465677261353,11.62320261001587,11.0,1
2023_R11,Guanyu Zhou,11.642162656784057,16.880205345153808,16.0,1
2023_R11,Nico Hulkenberg,11.39752197265625,15.014031982421875,14.0,1
2023_R11,Esteban Ocon,17.812914848327637,19.715351104736328,19.0,1
2023_R11,Lewis Hamilton,3.8426178812980654,4.559833765029907,4.0,1
2023_R11,Carlos Sainz,6.148907279968261,8.286037731170655,8.0,1
2023_R11,George Russell,4.736537337303162,7.137475299835205,6.0,1
2023_R11,Valtteri Bottas,9.529928350448609,12.46527419090271,12.0,1
2023_R11,Oscar Piastri,3.6399614930152895,5.289686012268066,5.0,1
2023_R12,Max Verstappen,1.0,1.9218118071556092,1.0,1
2023_R12,Logan Sargeant,13.937560224533081,17.807904338836668,17.0,1
2023_R12,Daniel Ricciardo,12.72768726348877,16.294218063354492,16.0,1
2023_R12,Lando Norris,5.854979515075684,6.768064498901367,7.0,0
2023_R12,Pierre Gasly,8.949105739593506,11.699929094314575,11.0,1
2023_R12,Sergio Perez,1.0268775880336762,2.400177669525146,2.0,1
2023_R12,Fernando Alonso,3.1193435072898863,5.215775012969971,5.0,1
2023_R12,Charles Leclerc,2.5512105345726015,3.969599449634552,3.0,1
2023_R12,Lance Stroll,6.947793912887573,9.886391639709473,9.0,1
2023_R12,Kevin Magnussen,12.84647331237793,16.079109764099123,15.0,1
2023_R12,Yuki Tsunoda,7.928964161872864,10.71906852722168,10.0,1
2023_R12,Alexander Albon,11.23434271812439,15.469065809249878,14.0,1
2023_R12,Guanyu Zhou,10.095635080337525,14.110797548294068,13.0,1
2023_R12,Nico Hulkenberg,14.946155691146851,17.48299856185913,18.0,0
2023_R12,Esteban Ocon,5.685072541236877,8.92374391555786,8.0,1
2023_R12,Lewis Hamilton,2.376500129699707,4.566296577453613,4.0,1
2023_R12,Carlos Sainz,17.451410388946535,19.96037940979004,19.0,1
2023_R12,George Russell,4.88639006614685,7.512844228744507,6.0,1
2023_R12,Valtteri Bottas,9.597735500335693,12.586220645904541,12.0,1
2023_R12,Oscar Piastri,18.865725708007812,19.748577117919922,20.0,0
2023_R13,Max Verstappen,1.0,2.387895107269287,1.0,1
2023_R13,Logan Sargeant,18.338871669769286,20.0,20.0,1
2023_R13,Lando Norris,4.978184819221497,7.019667935371399,7.0,1
2023_R13,Pierre Gasly,2.785240411758423,4.169805741310119,3.0,1
2023_R13,Sergio Perez,3.0869314074516296,4.006341528892517,4.0,1
2023_R13,Fernando Alonso,1.5499752759933472,2.30210657119751,2.0,1
2023_R13,Charles Leclerc,14.444685554504394,19.059913158416748,19.0,1
2023_R13,Lance Stroll,8.501033782958984,11.779235792160033,11.0,1
2023_R13,Kevin Magnussen,13.76376132965088,16.345996856689453,16.0,1
2023_R13,Yuki Tsunoda,12.833013343811036,15.376913595199586,15.0,1
2023_R13,Alexander Albon,6.611075448989868,8.175781297683717,8.0,1
2023_R13,Guanyu Zhou,13.731509017944337,18.918333053588867,18.0,1
2023_R13,Nico Hulkenberg,10.8359375,13.116654920578002,12.0,1
2023_R13,Esteban Ocon,8.264153480529785,11.610984802246094,10.0,1
2023_R13,Liam Lawson,10.032875871658325,13.299735069274902,13.0,1
2023_R13,Lewis Hamilton,4.924341297149658,6.053466629981995,6.0,1
2023_R13,Carlos Sainz,3.9924376010894775,4.7348103523254395,5.0,0
2023_R13,George Russell,15.50832290649414,17.142940521240234,17.0,1
2023_R13,Valtteri Bottas,11.04061336517334,15.159308528900146,14.0,1
2023_R13,Oscar Piastri,6.718400526046753,9.262548637390136,9.0,1
2023_R14,Max Verstappen,1.0,4.051050138473511,1.0,1
2023_R14,Logan Sargeant,10.755026865005494,13.480061769485474,13.0,1
2023_R14,Lando Norris,6.82037878036499,9.91182312965393,8.0,1
2023_R14,Pierre Gasly,12.351111793518067,16.42331314086914,15.0,1
2023_R14,Sergio Perez,1.3516287803649902,4.523948168754577,2.0,1
2023_R14,Fernando Alonso,7.348787236213684,10.598882865905761,9.0,1
2023_R14,Charles Leclerc,2.2477237939834596,6.508071804046631,4.0,1
2023_R14,Lance Stroll,12.99699788093567,16.44923210144043,16.0,1
2023_R14,Kevin Magnussen,14.622139120101929,18.415224838256837,18.0,1
2023_R14,Yuki Tsunoda,18.025371265411376,20.0,20.0,1
2023_R14,Alexander Albon,5.457282519340515,9.255539226531983,7.0,1
2023_R14,Guanyu Zhou,11.086115646362305,15.13321237564087,14.0,1
2023_R14,Nico Hulkenberg,14.076566028594971,18.416681671142577,17.0,1
2023_R14,Esteban Ocon,15.260238027572631,20.0,19.0,1
2023_R14,Liam Lawson,8.792339992523193,11.237510108947754,11.0,1
2023_R14,Lewis Hamilton,4.854874968528748,7.797704696655273,6.0,1
2023_R14,Carlos Sainz,2.8728124618530275,4.562425374984741,3.0,1
2023_R14,George Russell,3.6469045877456665,7.223685097694397,5.0,1
2023_R14,Valtteri Bottas,7.786931824684143,11.020548820495605,10.0,1
2023_R14,Oscar Piastri,8.75538501739502,12.14665174484253,12.0,1
2023_R15,Max Verstappen,3.127040147781372,6.227458810806274,5.0,1
2023_R15,Logan Sargeant,10.987543201446533,15.09173650741577,14.0,1
2023_R15,Lando Norris,1.2151212811470031,4.264298439025879,2.0,1
2023_R15,Pierre Gasly,4.702463960647583,7.686652183532715,6.0,1
2023_R15,Sergio Perez,5.585586094856263,9.722572708129883,8.0,1
2023_R15,Fernando Alonso,12.58489990234375,15.603765153884888,15.0,1
2023_R15,Charles Leclerc,2.3538767457008363,6.530636835098266,4.0,1
2023_R15,Lance Stroll,17.69582576751709,20.0,21.0,0
2023_R15,Kevin Magnussen,8.612392568588257,10.008316135406494,10.0,1
2023_R15,Yuki Tsunoda,15.852817249298095,19.8817626953125,19.0,1
2023_R15,Alexander Albon,8.803853988647461,11.462511491775512,11.0,1
2023_R15,Guanyu Zhou,9.250090408325196,12.406658792495728,12.0,1
2023_R15,Nico Hulkenberg,10.975887346267701,14.311325788497925,13.0,1
2023_R15,Esteban Ocon,15.069450235366821,18.94668960571289,18.0,1
2023_R15,Liam Lawson,7.080905866622925,9.314148950576781,9.0,1
2023_R15,Lewis Hamilton,1.9739720582962037,2.384528410434723,3.0,0
2023_R15,Carlos Sainz,1.3907133340835571,3.318588387966156,1.0,0
2023_R15,George Russell,15.252051496505738,17.099290561676025,16.0,1
2023_R15,Valtteri Bottas,14.427708911895753,19.093349647521972,17.0,1
2023_R15,Oscar Piastri,5.087261486053467,7.987470102310181,7.0,1
2023_R16,Max Verstappen,1.0,2.180595111846924,1.0,1
2023_R16,Logan Sargeant,13.856261062622071,16.570111560821534,17.0,0
2023_R16,Lando Norris,1.1727892458438873,1.8995388329029084,2.0,0
2023_R16,Pierre Gasly,7.747382807731628,9.818562507629395,10.0,0
2023_R16,Sergio Perez,15.812644100189209,17.437982177734376,19.0,0
2023_R16,Fernando Alonso,6.649541568756104,8.075265073776245,8.0,1
2023_R16,Charles Leclerc,2.8235894799232484,4.722852039337158,4.0,1
2023_R16,Lance Stroll,15.238438940048217,19.361199188232423,18.0,1
2023_R16,Kevin Magnussen,12.70278172492981,16.401251983642577,15.0,1
2023_R16,Yuki Tsunoda,9.682229709625243,12.431339788436889,12.0,1
2023_R16,Alexander Albon,13.107208204269408,17.487370681762695,16.0,1
2023_R16,Guanyu Zhou,10.150935220718384,13.228545713424683,13.0,1
2023_R16,Nico Hulkenberg,11.058693218231202,14.919618225097656,14.0,1
2023_R16,Esteban Ocon,6.973804521560669,9.50164008140564,9.0,1
2023_R16,Liam Lawson,8.93513798713684,11.702475976943969,11.0,1
2023_R16,Lewis Hamilton,3.6324753284454347,4.298556447029114,5.0,0
2023_R16,Carlos Sainz,4.917032647132873,6.252873420715332,6.0,1
2023_R16,George Russell,5.978430128097534,7.275669693946838,7.0,1
2023_R16,Valtteri Bottas,16.743156051635744,20.0,20.0,1
2023_R16,Oscar Piastri,2.0597118377685546,3.7641856908798217,3.0,1
2023_R17,Max Verstappen,1.0220253467559814,2.5462792634963987,1.0,0
2023_R17,Logan Sargeant,15.159753036499023,18.951230812072755,18.0,1
2023_R17,Lando Norris,2.429359757900238,4.189203000068664,3.0,1
2023_R17,Pierre Gasly,8.741706657409669,11.973787593841553,12.0,0
2023_R17,Sergio Perez,7.339164400100708,10.060839462280274,10.0,1
2023_R17,Fernando Alonso,4.311551284790039,6.573603558540344,6.0,1
2023_R17,Charles Leclerc,4.008671808242798,5.412780356407166,5.0,1
2023_R17,Lance Stroll,8.387443590164185,11.989397048950195,11.0,1
2023_R17,Kevin Magnussen,11.003131008148193,15.149111986160278,14.0,1
2023_R17,Yuki Tsunoda,11.753289079666137,15.518917655944824,15.0,1
2023_R17,Alexander Albon,11.003825330734253,14.117268323898315,13.0,1
2023_R17,Guanyu Zhou,6.970320677757263,9.164615392684937,9.0,1
2023_R17,Nico Hulkenberg,12.986784887313842,17.01286201477051,16.0,1
2023_R17,Esteban Ocon,5.1590927839279175,7.471782898902891,7.0,1
2023_R17,Liam Lawson,14.035532903671264,18.63993215560913,17.0,1
2023_R17,Lewis Hamilton,18.626130199432374,19.403175354003906,19.0,1
2023_R17,Carlos Sainz,16.85837678909302,20.0,20.0,1
2023_R17,George Russell,2.1935346126556396,4.43471097946167,4.0,1
2023_R17,Valtteri Bottas,5.988977980613709,9.471409845352174,8.0,1
2023_R17,Oscar Piastri,1.8792463779449462,2.7258482575416565,2.0,1
2023_R18,Max Verstappen,1.0139904022216797,1.4721585512161255,1.0,0
2023_R18,Logan Sargeant,8.341482782363892,11.226011180877686,10.0,1
2023_R18,Daniel Ricciardo,12.742510509490966,15.775777769088744,15.0,1
2023_R18,Lando Norris,1.025787591934204,2.373460054397583,2.0,1
2023_R18,Pierre Gasly,4.859327411651611,5.179241180419922,6.0,0
2023_R18,Sergio Perez,2.3058505058288574,3.8128907680511475,4.0,0
2023_R18,Fernando Alonso,12.372718620300294,15.544722557067871,16.0,0
2023_R18,Charles Leclerc,17.268918991088867,20.0,20.0,1
2023_R18,Lance Stroll,5.862109184265137,7.1737967252731325,7.0,1
2023_R18,Kevin Magnussen,10.996983194351197,15.208651971817016,14.0,1
2023_R18,Yuki Tsunoda,6.169239807128906,8.393027687072754,8.0,1
2023_R18,Alexander Albon,7.017941832542419,9.854481077194214,9.0,1
2023_R18,Guanyu Zhou,11.203852128982543,13.956098556518555,13.0,1
2023_R18,Nico Hulkenberg,8.642397594451904,11.751649236679077,11.0,1
2023_R18,Esteban Ocon,16.808192825317384,18.762844944000243,18.0,1
2023_R18,Lewis Hamilton,17.793939208984376,19.53723258972168,19.0,1
2023_R18,Carlos Sainz,1.9391734600067139,2.8672011494636536,3.0,0
2023_R18,George Russell,4.006408452987671,5.437781429290771,5.0,1
2023_R18,Valtteri Bottas,9.695963287353516,12.519762182235718,12.0,1
2023_R18,Oscar Piastri,15.60659236907959,18.279746723175048,17.0,1
2023_R19,Max Verstappen,1.0,1.6431589305400849,1.0,1
2023_R19,Logan Sargeant,12.60255331993103,16.35394287109375,16.0,1
2023_R19,Daniel Ricciardo,5.003397464752197,8.164870357513427,7.0,1
2023_R19,Lando Norris,3.7704588055610655,5.328083944320678,5.0,1
2023_R19,Pierre Gasly,8.5732102394104,11.78738284111023,11.0,1
2023_R19,Sergio Perez,18.861825942993164,20.0,20.0,1
2023_R19,Fernando Alonso,15.122241353988647,18.521728706359863,18.0,1
2023_R19,Charles Leclerc,2.4038934230804445,3.855530631542206,3.0,1
2023_R19,Lance Stroll,15.727693939208985,17.31724805831909,17.0,1
2023_R19,Kevin Magnussen,15.787156772613525,20.0,19.0,1
2023_R19,Yuki Tsunoda,9.20054750442505,13.13128809928894,12.0,1
2023_R19,Alexander Albon,7.1290813207626345,9.593474960327148,9.0,1
2023_R19,Guanyu Zhou,11.664103317260743,15.282024383544922,14.0,1
2023_R19,Nico Hulkenberg,11.222155618667603,14.157852077484131,13.0,1
2023_R19,Esteban Ocon,8.270173978805541,11.70375862121582,10.0,1
2023_R19,Lewis Hamilton,1.7785850584506988,2.286020338535309,2.0,1
2023_R19,Carlos Sainz,1.8340855836868286,3.9767672419548035,4.0,0
2023_R19,George Russell,4.261929082870483,6.147907090187073,6.0,1
2023_R19,Valtteri Bottas,11.972825908660889,16.311163997650148,15.0,1
2023_R19,Oscar Piastri,6.374927997589111,7.637362003326416,8.0,0
2023_R20,Max Verstappen,1.0,2.5272574424743652,1.0,1
2023_R20,Logan Sargeant,8.447568559646607,11.04070143699646,11.0,1
2023_R20,Daniel Ricciardo,10.316924858093262,14.486191415786744,13.0,1
2023_R20,Lando Norris,1.6103176176548004,2.153586280345917,2.0,1
2023_R20,Pierre Gasly,5.662786483764648,7.9468444108963014,7.0,1
2023_R20,Sergio Perez,3.231892728805542,4.466913890838622,4.0,1
2023_R20,Fernando Alonso,2.1742737174034117,3.266715884208679,3.0,1
2023_R20,Charles Leclerc,19.04369983673096,20.0,20.0,1
2023_R20,Lance Stroll,3.1691030859947205,5.89773383140564,5.0,1
2023_R20,Kevin Magnussen,16.631267547607422,18.827449798583984,18.0,1
2023_R20,Yuki Tsunoda,6.844212746620178,9.744555950164795,9.0,1
2023_R20,Alexander Albon,17.919533061981202,19.713113498687743,19.0,1
2023_R20,Guanyu Zhou,14.170771265029908,16.686620712280273,17.0,0
2023_R20,Nico Hulkenberg,9.415693950653075,12.372774076461791,12.0,1
2023_R20,Esteban Ocon,8.539309406280518,10.414442539215088,10.0,1
2023_R20,Lewis Hamilton,6.277382636070252,8.232173824310303,8.0,1
2023_R20,Carlos Sainz,4.919117450714111,5.4441312789917,6.0,0
2023_R20,George Russell,11.9868754863739,15.758840417861938,15.0,1
2023_R20,Valtteri Bottas,13.368309020996094,17.13404788970947,16.0,1
2023_R20,Oscar Piastri,11.002236461639404,14.388548040390015,14.0,1
2023_R21,Max Verstappen,1.0,1.2099322259426115,1.0,1
2023_R21,Logan Sargeant,13.43388237953186,17.50344581604004,16.0,1
2023_R21,Daniel Ricciardo,11.779028367996215,16.099628448486328,14.0,1
2023_R21,Lando Norris,17.282108306884766,19.97426986694336,20.0,0
2023_R21,Pierre Gasly,10.125138282775879,12.214698791503906,11.0,1
2023_R21,Sergio Perez,2.2865941524505615,3.5730502605438232,3.0,1
2023_R21,Fernando Alonso,6.715148448944092,10.050700902938843,9.0,1
2023_R21,Charles Leclerc,1.9420206367969512,4.529805469512939,2.0,1
2023_R21,Lance Stroll,4.043063950538635,5.947983264923096,5.0,1
2023_R21,Kevin Magnussen,10.547143936157227,13.985000801086425,13.0,1
2023_R21,Yuki Tsunoda,15.155275201797485,17.547868728637695,18.0,0
2023_R21,Alexander Albon,10.196429252624512,13.312929487228393,12.0,1
2023_R21,Guanyu Zhou,12.431189346313477,16.122329711914062,15.0,1
2023_R21,Nico Hulkenberg,16.400500965118407,19.104507446289062,19.0,1
2023_R21,Esteban Ocon,3.811552047729492,6.188785409927368,4.0,1
2023_R21,Lewis Hamilton,5.56257963180542,6.810663652420043,7.0,0
2023_R21,Carlos Sainz,4.4569908618927006,6.759157180786133,6.0,1
2023_R21,George Russell,5.668105411529541,8.081021308898926,8.0,1
2023_R21,Valtteri Bottas,14.82694320678711,17.90752601623535,17.0,1
2023_R21,Oscar Piastri,6.527833437919616,9.90919404029846,10.0,0
2023_R22,Max Verstappen,1.0,2.020386004447937,1.0,1
2023_R22,Logan Sargeant,12.816971111297608,15.328353261947631,16.0,0
2023_R22,Daniel Ricciardo,8.85826597213745,11.934211254119873,11.0,1
2023_R22,Lando Norris,4.066389083862305,5.288343000411987,5.0,1
2023_R22,Pierre Gasly,10.31079626083374,14.109649562835694,13.0,1
2023_R22,Sergio Perez,2.3750389337539675,4.427216911315918,4.0,1
2023_R22,Fernando Alonso,5.961271166801453,7.4680113077163695,7.0,1
2023_R22,Charles Leclerc,1.056954026222229,2.148203098773956,2.0,1
2023_R22,Lance Stroll,7.874627494812012,10.109126663208007,10.0,1
2023_R22,Kevin Magnussen,16.191335678100586,20.0,20.0,1
2023_R22,Yuki Tsunoda,6.194185018539429,9.957013702392578,8.0,1
2023_R22,Alexander Albon,11.358014822006226,14.8389582157135,14.0,1
2023_R22,Guanyu Zhou,14.108052635192871,17.437323093414307,17.0,1
2023_R22,Nico Hulkenberg,12.718317127227783,15.797005224227902,15.0,1
2023_R22,Esteban Ocon,10.013985633850098,14.471803331375122,12.0,1
2023_R22,Lewis Hamilton,7.090224194526672,9.28515625,9.0,1
2023_R22,Carlos Sainz,13.80798168182373,18.69014444351196,18.0,1
2023_R22,George Russell,1.9404311180114746,2.6840738654136658,3.0,0
2023_R22,Valtteri Bottas,15.360939025878906,19.933323287963866,19.0,1
2023_R22,Oscar Piastri,3.9437438249588013,6.3156838655471805,6.0,1
2024_R01,Max Verstappen,1.0012286365032197,2.229693651199341,1.0,0
2024_R01,Logan Sargeant,16.1301007270813,20.0,20.0,1
2024_R01,Daniel Ricciardo,10.734313154220581,13.47311520576477,13.0,1
2024_R01,Lando Norris,5.127381324768066,5.573767471313476,6.0,0
2024_R01,Pierre Gasly,14.50439453125,17.68775510787964,18.0,0
2024_R01,Sergio Perez,1.6285264492034912,2.5413085579872132,2.0,1
2024_R01,Fernando Alonso,7.1103952646255495,9.296049356460571,9.0,1
2024_R01,Charles Leclerc,2.1711983680725098,4.339323830604553,4.0,1
2024_R01,Lance Stroll,8.16786503791809,9.938920021057129,10.0,0
2024_R01,Kevin Magnussen,8.565619468688965,11.966850662231446,12.0,0
2024_R01,Yuki Tsunoda,11.012791633605957,14.754751205444336,14.0,1
2024_R01,Alexander Albon,12.329372024536132,16.112511348724365,15.0,1
2024_R01,Guanyu Zhou,8.689066123962402,12.135937690734863,11.0,1
2024_R01,Nico Hulkenberg,13.371105527877807,17.463710689544676,16.0,1
2024_R01,Esteban Ocon,13.897527694702148,17.521038055419922,17.0,1
2024_R01,Lewis Hamilton,5.546145248413086,7.193201994895935,7.0,1
2024_R01,Carlos Sainz,1.9132074117660522,2.8352418780326842,3.0,0
2024_R01,George Russell,2.9374635219573975,5.547787666320801,5.0,1
2024_R01,Valtteri Bottas,15.51624617576599,19.613370895385742,19.0,1
2024_R01,Oscar Piastri,6.159959983825684,8.516209411621093,8.0,1
2024_R02,Max Verstappen,1.0,4.636734676361084,1.0,1
2024_R02,Logan Sargeant,10.96137843132019,14.293177843093872,14.0,1
2024_R02,Daniel Ricciardo,12.820862531661987,17.965998935699464,16.0,1
2024_R02,Lando Norris,6.064608573913574,10.206649875640869,8.0,1
2024_R02,Pierre Gasly,17.73677530288696,20.0,20.0,1
2024_R02,Sergio Perez,1.319209921360016,4.08452353477478,2.0,1
2024_R02,Fernando Alonso,3.7873748540878296,6.290008068084717,5.0,1
2024_R02,Charles Leclerc,1.6052914083003997,5.448218989372253,3.0,1
2024_R02,Lance Stroll,17.631588745117188,19.29640007019043,19.0,1
2024_R02,Kevin Magnussen,9.734685945510865,12.940483140945434,12.0,1
2024_R02,Yuki Tsunoda,12.493321561813355,16.914829349517824,15.0,1
2024_R02,Alexander Albon,9.07451114654541,11.742035293579102,11.0,1
2024_R02,Guanyu Zhou,14.748254776000977,17.439375114440917,18.0,0
2024_R02,Nico Hulkenberg,8.49906611442566,10.805261945724487,10.0,1
2024_R02,Esteban Ocon,10.257275438308715,14.520984125137328,13.0,1
2024_R02,Oliver Bearman,5.80747549533844,8.504387474060058,7.0,1
2024_R02,Lewis Hamilton,7.109451150894165,10.766606330871582,9.0,1
2024_R02,George Russell,4.9782514572143555,7.519456481933593,6.0,1
2024_R02,Valtteri Bottas,13.327251958847047,18.937156677246094,17.0,1
2024_R02,Oscar Piastri,2.997290074825287,5.989419627189636,4.0,1
2024_R03,Max Verstappen,17.539199829101562,19.348148345947266,19.0,1
2024_R03,Daniel Ricciardo,9.499679708480835,12.967953252792359,12.0,1
2024_R03,Lando Norris,2.03208065032959,3.280092418193817,3.0,1
2024_R03,Pierre Gasly,10.126240730285645,14.140210151672363,13.0,1
2024_R03,Sergio Perez,3.8886702060699463,4.483473300933838,5.0,0
2024_R03,Fernando Alonso,6.040691709518432,7.939813637733459,8.0,0
2024_R03,Charles Leclerc,1.2804373502731323,2.0706807136535645,2.0,1
2024_R03,Lance Stroll,3.8072648882865905,6.268805646896362,6.0,1
2024_R03,Kevin Magnussen,7.745408535003662,10.634118843078614,10.0,1
2024_R03,Yuki Tsunoda,5.760571885108948,6.940511655807495,7.0,0
2024_R03,Alexander Albon,8.88635711669922,11.38679404258728,11.0,1
2024_R03,Guanyu Zhou,11.772741174697876,15.259844160079956,15.0,1
2024_R03,Nico Hulkenberg,7.437593460083008,10.042031574249268,9.0,1
2024_R03,Esteban Ocon,13.191936540603638,17.07993745803833,16.0,1
2024_R03,Lewis Hamilton,15.98340744972229,18.92727632522583,18.0,1
2024_R03,Carlos Sainz,1.0,1.5152493715286255,1.0,1
2024_R03,George Russell,14.51235203742981,18.101451110839843,17.0,1
2024_R03,Valtteri Bottas,12.047438478469848,14.92253499031067,14.0,1
2024_R03,Oscar Piastri,3.0619405269622804,3.7722575068473816,4.0,0
2024_R04,Max Verstappen,1.0,2.5665475010871885,1.0,1
2024_R04,Logan Sargeant,13.700952768325806,17.258191776275634,17.0,1
2024_R04,Daniel Ricciardo,17.570846271514892,19.427549839019775,19.0,1
2024_R04,Lando Norris,2.9560239911079407,5.824304437637329,5.0,1
2024_R04,Pierre Gasly,13.431467247009277,17.071348571777342,16.0,1
2024_R04,Sergio Perez,1.0253223180770874,2.2978145241737367,2.0,1
2024_R04,Fernando Alonso,4.5010762214660645,6.15444507598877,6.0,1
2024_R04,Charles Leclerc,2.4624297618865967,4.086641788482666,4.0,1
2024_R04,Lance Stroll,9.365394926071167,13.460691976547242,12.0,1
2024_R04,Kevin Magnussen,10.163420248031617,13.855566120147705,13.0,1
2024_R04,Yuki Tsunoda,8.12065567970276,11.060665559768676,10.0,1
2024_R04,Alexander Albon,18.01993408203125,20.0,20.0,1
2024_R04,Guanyu Zhou,15.009284019470215,17.50234718322754,18.0,0
2024_R04,Nico Hulkenberg,10.08420295715332,12.600126791000367,11.0,1
2024_R04,Esteban Ocon,11.900413322448731,16.908061981201172,15.0,1
2024_R04,Lewis Hamilton,6.914515972137451,9.705000877380371,9.0,1
2024_R04,Carlos Sainz,1.9457859516143798,3.0496358633041383,3.0,1
2024_R04,George Russell,5.080756258964539,7.2145470619201655,7.0,1
2024_R04,Valtteri Bottas,11.487200355529785,15.004797506332398,14.0,1
2024_R04,Oscar Piastri,5.99487726688385,8.043962574005127,8.0,1
2024_R05,Max Verstappen,1.0,2.104128122329712,1.0,1
2024_R05,Logan Sargeant,14.135370683670043,16.64446849822998,17.0,0
2024_R05,Daniel Ricciardo,15.882725763320924,19.383334350585937,18.0,1
2024_R05,Lando Norris,1.1247568249702453,4.4018648862838745,2.0,1
2024_R05,Pierre Gasly,10.488514804840088,12.95461654663086,13.0,0
2024_R05,Sergio Perez,1.4671213269233703,3.1212921500205995,3.0,1
2024_R05,Fernando Alonso,4.709546637535095,7.465327548980713,7.0,1
2024_R05,Charles Leclerc,2.600984001159668,5.626550793647766,4.0,1
2024_R05,Lance Stroll,11.919466257095337,15.391901016235352,15.0,1
2024_R05,Kevin Magnussen,13.18742299079895,17.3383807182312,16.0,1
2024_R05,Yuki Tsunoda,16.330205631256103,19.77629108428955,19.0,1
2024_R05,Alexander Albon,10.142125749588013,12.182665586471558,12.0,1
2024_R05,Guanyu Zhou,11.172398090362549,14.831654405593872,14.0,1
2024_R05,Nico Hulkenberg,7.508924913406372,11.583980226516724,10.0,1
2024_R05,Esteban Ocon,8.978277444839478,11.14546732902527,11.0,1
2024_R05,Lewis Hamilton,6.5324304580688475,9.922292041778565,9.0,1
2024_R05,Carlos Sainz,3.5457160472869873,6.692521929740906,5.0,1
2024_R05,George Russell,4.361711955070495,6.297299861907959,6.0,1
2024_R05,Valtteri Bottas,17.367284774780273,19.912000465393067,20.0,0
2024_R05,Oscar Piastri,6.42296290397644,8.199348974227906,8.0,1
2024_R06,Max Verstappen,1.9032427072525024,5.072729754447937,2.0,1
2024_R06,Logan Sargeant,16.649513816833498,20.0,20.0,1
2024_R06,Daniel Ricciardo,11.971227407455444,14.525725364685059,15.0,0
2024_R06,Lando Norris,1.0,4.142429828643799,1.0,1
2024_R06,Pierre Gasly,10.41241388320923,13.69338960647583,12.0,1
2024_R06,Sergio Perez,2.7148263335227965,4.350086688995361,4.0,1
2024_R06,Fernando Alonso,7.626789951324463,10.339709281921387,9.0,1
2024_R06,Charles Leclerc,1.4741220474243164,5.637258148193359,3.0,1
2024_R06,Lance Stroll,14.165092039108277,17.477364158630373,17.0,1
2024_R06,Kevin Magnussen,15.327633810043334,19.764470958709715,19.0,1
2024_R06,Yuki Tsunoda,5.894534659385681,8.372674036026002,7.0,1
2024_R06,Alexander Albon,14.71866946220398,18.879478454589844,18.0,1
2024_R06,Guanyu Zhou,11.045008659362793,14.46526927947998,14.0,1
2024_R06,Nico Hulkenberg,7.8839719772338865,12.042249870300292,11.0,1
2024_R06,Esteban Ocon,7.634792494773865,10.583143043518067,10.0,1
2024_R06,Lewis Hamilton,4.6209036111831665,7.598958826065063,6.0,1
2024_R06,Carlos Sainz,3.5246988773345946,7.603757619857788,5.0,1
2024_R06,George Russell,6.650455784797669,10.061406803131103,8.0,1
2024_R06,Valtteri Bottas,13.151558208465577,18.410619735717773,16.0,1
2024_R06,Oscar Piastri,11.412872219085694,13.20337562561035,13.0,1
2024_R07,Max Verstappen,1.0,4.6030353307724,1.0,1
2024_R07,Logan Sargeant,14.28724937438965,17.19616527557373,17.0,1
2024_R07,Daniel Ricciardo,10.858278131484985,14.510360145568848,13.0,1
2024_R07,Lando Norris,1.0,4.53185658454895,2.0,1
2024_R07,Pierre Gasly,13.481704759597779,17.17860679626465,16.0,1
2024_R07,Sergio Perez,6.115959906578064,9.167685794830323,8.0,1
2024_R07,Fernando Alonso,15.870989179611206,18.55819435119629,19.0,0
2024_R07,Charles Leclerc,1.9975295186042785,5.4689105510711595,3.0,1
2024_R07,Lance Stroll,6.9104584693908695,10.463496160507201,9.0,1
2024_R07,Kevin Magnussen,9.718509626388549,13.07536506652832,12.0,1
2024_R07,Yuki Tsunoda,7.909516286849976,11.255025863647461,10.0,1
2024_R07,Alexander Albon,16.468704891204833,19.436010456085206,20.0,0
2024_R07,Guanyu Zhou,12.559639978408814,16.335823726654052,15.0,1
2024_R07,Nico Hulkenberg,8.646228313446045,13.633238267898559,11.0,1
2024_R07,Esteban Ocon,11.767725467681885,16.013046169281004,14.0,1
2024_R07,Lewis Hamilton,4.673091888427734,7.888041520118714,6.0,1
2024_R07,Carlos Sainz,3.552768623828888,7.484715509414673,5.0,1
2024_R07,George Russell,5.332196450233459,7.058258605003357,7.0,1
2024_R07,Valtteri Bottas,15.222595834732056,19.52345743179321,18.0,1
2024_R07,Oscar Piastri,3.0094658970832824,5.38866093158722,4.0,1
2024_R08,Max Verstappen,5.0717902183532715,6.267635035514831,6.0,1
2024_R08,Logan Sargeant,12.779489326477051,16.37785882949829,15.0,1
2024_R08,Daniel Ricciardo,10.17479419708252,13.573658895492553,12.0,1
2024_R08,Lando Norris,2.8037216663360596,6.739584922790527,4.0,1
2024_R08,Pierre Gasly,8.07282338142395,11.316655826568603,10.0,1
2024_R08,Sergio Perez,15.871350431442261,18.63939666748047,18.0,1
2024_R08,Fernando Alonso,8.790254163742066,12.26673994064331,11.0,1
2024_R08,Charles Leclerc,1.011449933052063,4.386858940124512,1.0,0
2024_R08,Lance Stroll,11.676017475128173,14.865346908569336,14.0,1
2024_R08,Kevin Magnussen,17.55483798980713,20.0,20.0,1
2024_R08,Yuki Tsunoda,6.4300461769104,9.69999132156372,8.0,1
2024_R08,Alexander Albon,7.530786347389221,10.562684535980225,9.0,1
2024_R08,Guanyu Zhou,13.195835447311401,17.009784698486328,16.0,1
2024_R08,Nico Hulkenberg,17.007190799713136,20.0,19.0,1
2024_R08,Esteban Ocon,16.06544542312622,18.444203758239745,17.0,1
2024_R08,Lewis Hamilton,5.8594882726669315,7.74729471206665,7.0,1
2024_R08,Carlos Sainz,1.997753667831421,5.689447116851807,3.0,1
2024_R08,George Russell,4.198014926910401,6.314079308509827,5.0,1
2024_R08,Valtteri Bottas,10.06677451133728,13.893939685821532,13.0,1
2024_R08,Oscar Piastri,1.2212440431118012,4.528962707519531,2.0,1
2024_R09,Max Verstappen,1.0,1.1118568420410155,1.0,1
2024_R09,Logan Sargeant,18.697967052459717,19.94192409515381,20.0,0
2024_R09,Daniel Ricciardo,6.710348892211914,9.369887113571167,8.0,1
2024_R09,Lando Norris,1.1071657836437225,1.441192865371704,2.0,0
2024_R09,Pierre Gasly,6.950617241859436,9.689337778091431,9.0,1
2024_R09,Sergio Perez,14.247604513168335,18.553609752655028,18.0,1
2024_R09,Fernando Alonso,5.140167236328125,6.174814701080322,6.0,1
2024_R09,Charles Leclerc,16.389554977416992,19.153701782226562,19.0,1
2024_R09,Lance Stroll,5.391482257843018,7.5718830823898315,7.0,1
2024_R09,Kevin Magnussen,10.036489486694336,12.204311084747314,12.0,1
2024_R09,Yuki Tsunoda,11.902124404907227,16.600149154663086,14.0,1
2024_R09,Alexander Albon,14.64429693222046,17.617648315429687,17.0,1
2024_R09,Guanyu Zhou,11.706114864349365,14.49115056991577,15.0,0
2024_R09,Nico Hulkenberg,9.004879140853882,11.5699866771698,11.0,1
2024_R09,Esteban Ocon,6.560127806663513,9.671846389770508,10.0,0
2024_R09,Lewis Hamilton,3.167438769340515,3.9874951601028443,4.0,0
2024_R09,Carlos Sainz,13.252806663513184,16.51207160949707,16.0,1
2024_R09,George Russell,2.556631326675415,3.8618719220161437,3.0,1
2024_R09,Valtteri Bottas,9.875211715698242,13.10157036781311,13.0,1
2024_R09,Oscar Piastri,3.613600015640259,5.246562957763672,5.0,1
2024_R10,Max Verstappen,1.0,1.1162850618362428,1.0,1
2024_R10,Logan Sargeant,16.41827449798584,20.0,20.0,1
2024_R10,Daniel Ricciardo,11.922794675827026,16.155429458618165,15.0,1
2024_R10,Lando Norris,1.9568713843822478,2.8935024738311768,2.0,1
2024_R10,Pierre Gasly,7.4127555847167965,9.334869527816773,9.0,1
2024_R10,Sergio Perez,6.534064483642578,8.152372312545776,8.0,1
2024_R10,Fernando Alonso,8.973181819915771,13.056466722488404,12.0,1
2024_R10,Charles Leclerc,3.9477134346961975,5.209264755249023,5.0,1
2024_R10,Lance Stroll,11.723788022994995,14.935886240005493,14.0,1
2024_R10,Kevin Magnussen,13.450211524963379,19.15978374481201,17.0,1
2024_R10,Yuki Tsunoda,15.184636783599853,19.62332935333252,19.0,1
2024_R10,Alexander Albon,14.74649772644043,17.52400121688843,18.0,0
2024_R10,Guanyu Zhou,10.95437250137329,14.389846515655517,13.0,1
2024_R10,Nico Hulkenberg,8.929848337173462,11.303698015213012,11.0,1
2024_R10,Esteban Ocon,8.309776639938354,10.705931377410888,10.0,1
2024_R10,Lewis Hamilton,1.969123947620392,3.2690502762794496,3.0,1
2024_R10,Carlos Sainz,4.889266085624695,5.876211643218994,6.0,0
2024_R10,George Russell,2.6633108258247375,3.981104576587677,4.0,0
2024_R10,Valtteri Bottas,13.355744028091431,17.35907745361328,16.0,1
2024_R10,Oscar Piastri,5.21831512451172,7.426975917816162,7.0,1
2024_R11,Max Verstappen,4.679156303405762,5.247102189064026,5.0,1
2024_R11,Logan Sargeant,16.051433086395264,19.91328821182251,19.0,1
2024_R11,Daniel Ricciardo,6.969824433326721,9.593240928649902,9.0,1
2024_R11,Lando Norris,17.452719306945802,19.66590757369995,20.0,0
2024_R11,Pierre Gasly,8.107145214080811,10.11717414855957,10.0,1
2024_R11,Sergio Perez,5.552784204483032,7.162869071960449,7.0,1
2024_R11,Fernando Alonso,14.87179946899414,18.866809844970703,18.0,1
2024_R11,Charles Leclerc,8.428582620620727,11.254247665405273,11.0,1
2024_R11,Lance Stroll,10.253230381011964,14.302241992950439,13.0,1
2024_R11,Kevin Magnussen,6.487562561035157,8.893871068954468,8.0,1
2024_R11,Yuki Tsunoda,11.46430172920227,15.021031618118286,14.0,1
2024_R11,Alexander Albon,11.93295259475708,16.199602699279783,15.0,1
2024_R11,Guanyu Zhou,14.142899656295777,16.57657289505005,17.0,0
2024_R11,Nico Hulkenberg,4.167762041091919,6.5319236516952515,6.0,1
2024_R11,Esteban Ocon,9.456124448776245,13.038454341888428,12.0,1
2024_R11,Lewis Hamilton,2.8979320883750916,3.5046635985374452,4.0,0
2024_R11,Carlos Sainz,1.8739505290985108,2.461850094795227,3.0,0
2024_R11,George Russell,1.0,1.4690691649913787,1.0,1
2024_R11,Valtteri Bottas,13.24551773071289,17.315741062164307,16.0,1
2024_R11,Oscar Piastri,1.5640773713588714,2.2756428360939025,2.0,1
2024_R12,Max Verstappen,1.1878710985183716,1.6775161027908325,2.0,0
2024_R12,Logan Sargeant,9.059240913391113,11.389210987091065,11.0,1
2024_R12,Daniel Ricciardo,10.896413707733155,12.917134284973145,13.0,0
2024_R12,Lando Norris,1.9322056829929353,2.9033594131469727,3.0,0
2024_R12,Pierre Gasly,18.034463119506835,20.0,20.0,1
2024_R12,Sergio Perez,14.228084564208984,16.468276596069337,17.0,0
2024_R12,Fernando Alonso,6.525744915008545,8.45664610862732,8.0,1
2024_R12,Charles Leclerc,11.120735168457031,14.425314474105836,14.0,1
2024_R12,Lance Stroll,5.32807867527008,7.174096632003784,7.0,1
2024_R12,Kevin Magnussen,9.15698184967041,12.856139612197875,12.0,1
2024_R12,Yuki Tsunoda,8.079756021499634,10.083281421661377,10.0,1
2024_R12,Alexander Albon,7.034353280067444,10.368352842330932,9.0,1
2024_R12,Guanyu Zhou,14.280062246322633,18.634918689727783,18.0,1
2024_R12,Nico Hulkenberg,5.239911842346191,6.026966285705567,6.0,1
2024_R12,Esteban Ocon,13.073004722595215,17.162019729614258,16.0,1
2024_R12,Lewis Hamilton,1.0,1.077391356229782,1.0,1
2024_R12,Carlos Sainz,3.6288719534873963,4.136335277557373,5.0,0
2024_R12,George Russell,16.711095905303956,19.823894500732422,19.0,1
2024_R12,Valtteri Bottas,11.830642747879029,16.027931785583494,15.0,1
2024_R12,Oscar Piastri,2.9429683446884156,3.277426910400391,4.0,0
2024_R13,Max Verstappen,2.8227784633636475,5.200903415679932,5.0,1
2024_R13,Logan Sargeant,13.632448959350587,17.333000087738036,17.0,1
2024_R13,Daniel Ricciardo,9.179998350143432,12.89998745918274,12.0,1
2024_R13,Lando Norris,2.0479395389556885,2.5006128430366514,2.0,0
2024_R13,Pierre Gasly,16.878706836700438,19.921731090545656,20.0,0
2024_R13,Sergio Perez,5.6642751455307,8.375973796844482,7.0,1
2024_R13,Fernando Alonso,8.497084140777588,10.464950227737427,11.0,0
2024_R13,Charles Leclerc,2.599001169204712,3.205765962600708,4.0,0
2024_R13,Lance Stroll,7.041179871559143,10.614296913146973,10.0,1
2024_R13,Kevin Magnussen,11.7981041431427,16.63714485168457,15.0,1
2024_R13,Yuki Tsunoda,7.31949508190155,10.762309312820435,9.0,1
2024_R13,Alexander Albon,11.94111328125,14.53316559791565,14.0,1
2024_R13,Guanyu Zhou,15.188398933410644,20.0,19.0,1
2024_R13,Nico Hulkenberg,9.780421161651612,13.723738813400269,13.0,1
2024_R13,Esteban Ocon,15.438756227493286,18.418751430511474,18.0,1
2024_R13,Lewis Hamilton,1.9125013470649719,2.343268632888794,3.0,0
2024_R13,Carlos Sainz,4.26602840423584,6.221725869178772,6.0,1
2024_R13,George Russell,5.30802698135376,9.158578968048095,8.0,1
2024_R13,Valtteri Bottas,13.279617643356323,17.272574424743652,16.0,1
2024_R13,Oscar Piastri,1.0,1.196749496459961,1.0,1
2024_R14,Max Verstappen,2.9604764223098754,3.9703985452651978,4.0,0
2024_R14,Logan Sargeant,14.088785934448243,18.201292037963867,17.0,1
2024_R14,Daniel Ricciardo,7.93472466468811,10.150988674163818,10.0,1
2024_R14,Lando Norris,3.5971929669380187,5.3239937067031855,5.0,1
2024_R14,Pierre Gasly,11.160054206848145,13.85113844871521,13.0,1
2024_R14,Sergio Perez,5.632732391357422,8.159985971450805,7.0,1
2024_R14,Fernando Alonso,6.442516732215881,9.688885688781738,8.0,1
2024_R14,Charles Leclerc,2.844151020050049,4.471843266487122,3.0,1
2024_R14,Lance Stroll,9.03379487991333,12.401738166809082,11.0,1
2024_R14,Kevin Magnussen,11.655142307281494,15.365605735778809,14.0,1
2024_R14,Yuki Tsunoda,12.870330142974854,15.419847679138183,16.0,0
2024_R14,Alexander Albon,9.355845403671264,13.017560815811157,12.0,1
2024_R14,Guanyu Zhou,17.0413836479187,20.0,19.0,1
2024_R14,Nico Hulkenberg,13.939806699752808,19.278381538391113,18.0,1
2024_R14,Esteban Ocon,7.382831454277039,10.44326410293579,9.0,1
2024_R14,Lewis Hamilton,1.0,1.259675884246826,1.0,1
2024_R14,Carlos Sainz,5.2308718919754025,5.664530420303345,6.0,0
2024_R14,George Russell,18.171862888336182,20.0,20.0,1
2024_R14,Valtteri Bottas,12.398704433441162,15.883885192871094,15.0,1
2024_R14,Oscar Piastri,1.6554591655731201,2.397355079650879,2.0,1
2024_R15,Max Verstappen,1.0,4.465704751014709,2.0,1
2024_R15,Logan Sargeant,13.567247200012208,16.563621997833252,16.0,1
2024_R15,Daniel Ricciardo,10.047220945358276,13.235347318649291,12.0,1
2024_R15,Lando Norris,1.0401403903961182,4.168752193450928,1.0,0
2024_R15,Pierre Gasly,7.182917356491089,10.752339601516724,9.0,1
2024_R15,Sergio Perez,4.2407546043396,6.845334053039551,6.0,1
2024_R15,Fernando Alonso,8.421663284301758,11.308019971847534,10.0,1
2024_R15,Charles Leclerc,1.9917984008789062,4.705714130401612,3.0,1
2024_R15,Lance Stroll,10.49326457977295,14.447839832305908,13.0,1
2024_R15,Kevin Magnussen,14.888877677917481,17.735640907287596,18.0,0
2024_R15,Yuki Tsunoda,13.748080587387085,17.15715789794922,17.0,1
2024_R15,Alexander Albon,11.018935346603394,14.35508451461792,14.0,1
2024_R15,Guanyu Zhou,16.067243003845213,19.91257667541504,20.0,0
2024_R15,Nico Hulkenberg,9.174592971801758,12.586464881896973,11.0,1
2024_R15,Esteban Ocon,13.133273553848266,16.990872573852535,15.0,1
2024_R15,Lewis Hamilton,5.640986919403076,8.12479214668274,8.0,1
2024_R15,Carlos Sainz,3.984431028366089,7.108959484100342,5.0,1
2024_R15,George Russell,5.378716373443604,7.78332142829895,7.0,1
2024_R15,Valtteri Bottas,15.187122344970703,19.852930641174318,19.0,1
2024_R15,Oscar Piastri,2.275116443634033,6.7969279289245605,4.0,1
2024_R16,Max Verstappen,4.9102400779724125,5.568085193634033,6.0,0
2024_R16,Daniel Ricciardo,11.33301601409912,14.827671241760253,13.0,1
2024_R16,Lando Norris,2.656442642211914,3.281491982936859,3.0,1
2024_R16,Pierre Gasly,12.486622428894043,15.835820627212524,15.0,1
2024_R16,Sergio Perez,6.319615149497986,8.626408290863036,8.0,1
2024_R16,Fernando Alonso,8.715339374542236,11.820889902114867,11.0,1
2024_R16,Charles Leclerc,1.0,4.092504715919494,1.0,1
2024_R16,Lance Stroll,15.34619631767273,19.73830862045288,19.0,1
2024_R16,Kevin Magnussen,8.02014126777649,11.304914951324463,10.0,1
2024_R16,Yuki Tsunoda,17.38678369522095,20.0,20.0,1
2024_R16,Alexander Albon,7.471215415000915,10.783648777008056,9.0,1
2024_R16,Guanyu Zhou,15.1122727394104,17.432865810394286,18.0,0
2024_R16,Nico Hulkenberg,14.687838935852051,17.681160068511964,17.0,1
2024_R16,Esteban Ocon,11.742914056777954,14.956044960021973,14.0,1
2024_R16,Franco Colapinto,9.836952590942383,13.812520980834961,12.0,1
2024_R16,Lewis Hamilton,3.8306150436401367,4.52172167301178,5.0,0
2024_R16,Carlos Sainz,2.8479950547218325,5.775358390808106,4.0,1
2024_R16,George Russell,4.66101770401001,7.501347994804382,7.0,1
2024_R16,Valtteri Bottas,12.58032579421997,16.479429149627684,16.0,1
2024_R16,Oscar Piastri,1.1716570198535918,2.4049665927886963,2.0,1
2024_R17,Max Verstappen,3.8332393169403076,4.294896149635315,5.0,0
2024_R17,Daniel Ricciardo,10.746893644332886,13.98324694633484,13.0,1
2024_R17,Lando Norris,3.3908607959747314,6.888720440864563,4.0,1
2024_R17,Pierre Gasly,9.601117706298828,12.923926973342896,12.0,1
2024_R17,Sergio Perez,15.98655457496643,18.491492366790773,17.0,1
2024_R17,Fernando Alonso,4.586421155929566,7.25584602355957,6.0,1
2024_R17,Charles Leclerc,1.948211669921875,4.8959822893142695,2.0,1
2024_R17,Lance Stroll,16.311614513397217,19.205598068237304,19.0,1
2024_R17,Yuki Tsunoda,17.11341247558594,19.9511775970459,20.0,0
2024_R17,Alexander Albon,5.1446836471557615,8.152667140960693,7.0,1
2024_R17,Guanyu Zhou,11.148916482925415,14.075467967987061,14.0,1
2024_R17,Nico Hulkenberg,8.81730251312256,12.268262720108032,11.0,1
2024_R17,Esteban Ocon,11.87238917350769,14.386333656311034,15.0,0
2024_R17,Franco Colapinto,5.930080413818359,8.727253580093384,8.0,1
2024_R17,Lewis Hamilton,5.905943250656128,9.08217225074768,9.0,1
2024_R17,Oliver Bearman,7.797437620162964,11.943161010742188,10.0,1
2024_R17,Carlos Sainz,16.69475612640381,19.242499923706056,18.0,1
2024_R17,George Russell,2.2894740104675293,5.472829747200012,3.0,1
2024_R17,Valtteri Bottas,13.636646175384522,18.41455955505371,16.0,1
2024_R17,Oscar Piastri,1.0,3.936950957775116,1.0,1
2024_R18,Max Verstappen,1.056037425994873,4.553227496147156,2.0,1
2024_R18,Daniel Ricciardo,14.403966331481934,19.557253932952882,18.0,1
2024_R18,Lando Norris,1.0034613609313965,4.4763309240341185,1.0,0
2024_R18,Pierre Gasly,13.99472417831421,18.43519010543823,17.0,1
2024_R18,Sergio Perez,7.896895217895508,10.115407848358155,10.0,1
2024_R18,Fernando Alonso,6.133570766448974,10.253505897521972,8.0,1
2024_R18,Charles Leclerc,2.887592315673828,6.512788844108582,5.0,1
2024_R18,Lance Stroll,11.132702827453613,14.974388360977173,14.0,1
2024_R18,Kevin Magnussen,15.841368770599365,19.11138343811035,19.0,1
2024_R18,Yuki Tsunoda,9.559426832199097,13.371813631057739,12.0,1
2024_R18,Alexander Albon,17.079658603668214,19.95612096786499,20.0,0
2024_R18,Guanyu Zhou,12.151662063598632,14.465607309341431,15.0,0
2024_R18,Nico Hulkenberg,7.817320537567139,9.978690099716186,9.0,1
2024_R18,Esteban Ocon,10.555120468139648,13.30280222892761,13.0,1
2024_R18,Franco Colapinto,8.594617128372192,12.306974506378173,11.0,1
2024_R18,Lewis Hamilton,4.146219730377197,8.593582773208619,6.0,1
2024_R18,Carlos Sainz,5.287382745742798,8.438345289230346,7.0,1
2024_R18,George Russell,2.8459975719451904,6.392605805397033,4.0,1
2024_R18,Valtteri Bottas,12.41874566078186,16.368630790710448,16.0,1
2024_R18,Oscar Piastri,1.7473562955856323,4.967523789405822,3.0,1
2024_R19,Max Verstappen,1.4569687843322754,5.459946966171264,3.0,1
2024_R19,Lando Norris,4.110173344612122,6.858865141868591,4.0,0
2024_R19,Pierre Gasly,11.477143955230712,13.26041703224182,12.0,1
2024_R19,Sergio Perez,5.159865832328796,8.48289771080017,7.0,1
2024_R19,Fernando Alonso,11.728715324401856,14.406590270996094,13.0,1
2024_R19,Charles Leclerc,1.0,4.021410727500916,1.0,1
2024_R19,Lance Stroll,12.44708251953125,16.79613094329834,15.0,1
2024_R19,Kevin Magnussen,9.000820016860962,11.260137367248536,11.0,1
2024_R19,Yuki Tsunoda,11.852477407455444,14.970452404022215,14.0,1
2024_R19,Alexander Albon,12.844662284851074,17.44753360748291,16.0,1
2024_R19,Guanyu Zhou,15.12937388420105,20.0,19.0,1
2024_R19,Nico Hulkenberg,6.210173344612121,8.461660575866699,8.0,1
2024_R19,Liam Lawson,6.631401491165161,9.41489086151123,9.0,1
2024_R19,Esteban Ocon,14.655107069015504,18.538812255859376,18.0,1
2024_R19,Franco Colapinto,8.268309831619263,11.449727487564086,10.0,1
2024_R19,Lewis Hamilton,17.838306522369386,20.0,20.0,1
2024_R19,Carlos Sainz,1.3066645860671997,3.9529909253120423,2.0,1
2024_R19,George Russell,4.522736644744873,6.371999454498291,6.0,1
2024_R19,Valtteri Bottas,14.370255422592162,19.237378311157226,17.0,1
2024_R19,Oscar Piastri,4.047820091247559,7.91087532043457,5.0,1
2024_R20,Max Verstappen,4.742709159851074,8.915174436569213,6.0,1
2024_R20,Lando Norris,1.196319341659546,4.238849472999573,2.0,1
2024_R20,Pierre Gasly,8.300904369354248,11.539928770065307,10.0,1
2024_R20,Sergio Perez,13.80942153930664,17.88056182861328,17.0,1
2024_R20,Fernando Alonso,16.835397720336914,18.960854625701906,18.0,1
2024_R20,Charles Leclerc,1.917749172449112,2.1570591926574707,3.0,0
2024_R20,Lance Stroll,8.571362733840942,11.64404296875,11.0,1
2024_R20,Kevin Magnussen,5.897789263725281,8.220416116714478,7.0,1
2024_R20,Yuki Tsunoda,17.72546491622925,19.943214416503906,20.0,0
2024_R20,Alexander Albon,16.971027088165282,19.502960777282716,19.0,1
2024_R20,Guanyu Zhou,11.808450651168823,15.362047863006591,15.0,1
2024_R20,Nico Hulkenberg,7.450379514694214,10.70147442817688,9.0,1
2024_R20,Liam Lawson,13.126585245132446,17.098396015167236,16.0,1
2024_R20,Esteban Ocon,12.181662559509277,15.423567962646484,13.0,1
2024_R20,Franco Colapinto,9.507983779907226,13.507280349731445,12.0,1
2024_R20,Lewis Hamilton,2.8137778759002687,4.318089842796326,4.0,1
2024_R20,Carlos Sainz,1.0,4.100821471214294,1.0,1
2024_R20,George Russell,3.939371109008789,7.441589856147766,5.0,1
2024_R20,Valtteri Bottas,11.812805032730102,15.364970397949218,14.0,1
2024_R20,Oscar Piastri,5.112046813964843,10.229101943969727,8.0,1
2024_R21,Max Verstappen,1.0,4.7446641445159905,1.0,1
2024_R21,Lando Norris,5.875700879096985,6.882336139678955,6.0,1
2024_R21,Pierre Gasly,3.8831217288970947,5.941576957702637,3.0,0
2024_R21,Sergio Perez,8.55145902633667,11.141417312622071,11.0,1
2024_R21,Fernando Alonso,10.519940853118896,14.902177810668945,14.0,1
2024_R21,Charles Leclerc,4.0945940017700195,4.4929046630859375,5.0,0
2024_R21,Lance Stroll,17.043935585021973,19.53498649597168,19.0,1
2024_R21,Yuki Tsunoda,5.192827320098877,7.701288819313049,7.0,1
2024_R21,Alexander Albon,15.679074001312255,18.92185697555542,18.0,1
2024_R21,Guanyu Zhou,11.53456974029541,15.545995903015136,15.0,1
2024_R21,Nico Hulkenberg,15.750492525100707,20.0,20.0,1
2024_R21,Liam Lawson,7.244242787361145,9.545309686660767,9.0,1
2024_R21,Esteban Ocon,1.5878790616989136,3.133607006072998,2.0,1
2024_R21,Franco Colapinto,14.023438692092896,19.054866790771484,17.0,1
2024_R21,Lewis Hamilton,8.383072853088379,10.427815103530884,10.0,1
2024_R21,Oliver Bearman,9.839441204071045,12.54912004470825,12.0,1
2024_R21,Carlos Sainz,12.363755226135254,15.082376480102539,16.0,0
2024_R21,George Russell,2.177666461467743,4.611179828643799,4.0,1
2024_R21,Valtteri Bottas,10.31912145614624,14.079590654373169,13.0,1
2024_R21,Oscar Piastri,6.091673851013184,9.827373504638672,8.0,1
2024_R22,Max Verstappen,3.9832651615142822,5.355920314788818,5.0,1
2024_R22,Lando Norris,4.904110407829284,5.98126745223999,6.0,0
2024_R22,Pierre Gasly,18.127655029296875,19.952866077423096,20.0,0
2024_R22,Sergio Perez,8.267261838912964,10.737893104553223,10.0,1
2024_R22,Fernando Alonso,8.882723379135133,11.603877019882201,11.0,1
2024_R22,Charles Leclerc,2.8315062522888184,4.268243312835693,4.0,1
2024_R22,Lance Stroll,11.814739227294922,15.97386646270752,15.0,1
2024_R22,Kevin Magnussen,10.308667373657226,14.127449607849119,12.0,1
2024_R22,Yuki Tsunoda,7.326961350440979,9.812883377075195,9.0,1
2024_R22,Alexander Albon,15.532629871368409,20.0,19.0,1
2024_R22,Guanyu Zhou,10.996172904968262,14.152242374420165,13.0,1
2024_R22,Nico Hulkenberg,6.282705640792846,8.367656183242797,8.0,1
2024_R22,Liam Lawson,12.805452013015747,17.11861228942871,16.0,1
2024_R22,Esteban Ocon,14.446414756774903,17.1334171295166,17.0,1
2024_R22,Franco Colapinto,11.139294147491455,13.279664993286133,14.0,0
2024_R22,Lewis Hamilton,2.0491127967834473,3.4192668437957763,2.0,0
2024_R22,Carlos Sainz,1.6418095827102661,3.491375684738159,3.0,1
2024_R22,George Russell,1.0288165807724,1.9839889585971833,1.0,0
2024_R22,Valtteri Bottas,14.606148719787598,18.436729431152344,18.0,1
2024_R22,Oscar Piastri,5.566214919090271,7.277484083175659,7.0,1
2024_R23,Max Verstappen,1.0,1.2005824267864227,1.0,1
2024_R23,Lando Norris,8.85665030479431,10.399497032165527,10.0,1
2024_R23,Pierre Gasly,3.744010126590729,5.0067531824111935,5.0,1
2024_R23,Sergio Perez,12.731709098815918,17.76842975616455,17.0,1
2024_R23,Fernando Alonso,5.35277144908905,7.846436166763306,7.0,1
2024_R23,Charles Leclerc,1.6792348623275757,2.260786294937134,2.0,1
2024_R23,Lance Stroll,14.998362588882447,19.257550525665284,18.0,1
2024_R23,Kevin Magnussen,7.83927218914032,10.586303997039796,9.0,1
2024_R23,Yuki Tsunoda,11.346750259399414,13.987937688827515,13.0,1
2024_R23,Alexander Albon,12.684247350692749,16.745458698272703,15.0,1
2024_R23,Guanyu Zhou,6.305592823028564,8.665672302246094,8.0,1
2024_R23,Nico Hulkenberg,13.010873556137085,17.092276096343994,16.0,1
2024_R23,Liam Lawson,11.39959626197815,15.270677137374877,14.0,1
2024_R23,Esteban Ocon,18.281063079833984,20.0,20.0,1
2024_R23,Franco Colapinto,17.056717205047608,20.0,19.0,1
2024_R23,Lewis Hamilton,10.340374946594238,12.285226821899414,12.0,1
2024_R23,Carlos Sainz,5.011718678474426,5.432663297653198,6.0,0
2024_R23,George Russell,3.6348793506622314,4.6595354080200195,4.0,1
2024_R23,Valtteri Bottas,8.834989786148071,11.422430276870728,11.0,1
2024_R23,Oscar Piastri,1.821693778038025,3.1664602756500244,3.0,1
2024_R24,Max Verstappen,4.325319290161133,8.751948356628418,6.0,1
2024_R24,Lando Norris,1.019872784614563,4.133890151977539,1.0,0
2024_R24,Pierre Gasly,5.408418607711792,8.127389287948608,7.0,1
2024_R24,Sergio Perez,18.413035678863526,19.840808391571045,20.0,0
2024_R24,Fernando Alonso,6.627439975738525,9.798279571533204,9.0,1
2024_R24,Charles Leclerc,2.5609622836112975,5.9423307180404645,3.0,1
2024_R24,Lance Stroll,11.759408855438233,14.856368684768677,14.0,1
2024_R24,Kevin Magnussen,13.200354957580567,16.860234260559082,16.0,1
2024_R24,Yuki Tsunoda,9.708260488510131,14.084319019317627,12.0,1
2024_R24,Alexander Albon,8.520442867279053,11.756909036636353,11.0,1
2024_R24,Guanyu Zhou,10.714360666275024,14.143848562240601,13.0,1
2024_R24,Nico Hulkenberg,6.407181978225708,10.157964706420898,8.0,1
2024_R24,Liam Lawson,14.133014678955078,18.165008449554442,17.0,1
2024_R24,Franco Colapinto,15.740415668487548,18.759323406219483,19.0,0
2024_R24,Lewis Hamilton,3.8462011218070984,5.201612639427185,4.0,1
2024_R24,Carlos Sainz,1.1910396814346313,4.142886638641357,2.0,1
2024_R24,Jack Doohan,12.451652526855469,16.59275255203247,15.0,1
2024_R24,George Russell,3.842379570007324,7.086497688293457,5.0,1
2024_R24,Valtteri Bottas,14.348727703094482,19.24936923980713,18.0,1
2024_R24,Oscar Piastri,9.520502471923828,10.050717830657959,10.0,1
2025_R01,Max Verstappen,1.279997354745865,1.6877941310405726,2.0,0
2025_R01,Lando Norris,1.0,2.214644193649292,1.0,1
2025_R01,Gabriel Bortoleto,11.710810470581055,17.610115432739256,16.0,1
2025_R01,Isack Hadjar,17.4124813079834,19.483533668518067,20.0,0
2025_R01,Jack Doohan,16.868349075317383,19.70718240737915,19.0,1
2025_R01,Pierre Gasly,8.03815941810608,11.225225067138672,11.0,1
2025_R01,Andrea Kimi Antonelli,3.7751567363739014,5.329672956466675,4.0,1
2025_R01,Fernando Alonso,14.383584308624268,17.91381254196167,17.0,1
2025_R01,Charles Leclerc,6.393117427825928,8.137402009963989,8.0,1
2025_R01,Lance Stroll,4.972996401786804,6.072762537002563,6.0,1
2025_R01,Yuki Tsunoda,10.050731706619263,12.618104934692383,12.0,1
2025_R01,Alexander Albon,4.161506652832031,4.88237202167511,5.0,0
2025_R01,Nico Hulkenberg,5.0492634773254395,8.562052631378174,7.0,1
2025_R01,Liam Lawson,11.601789808273315,15.782692337036133,15.0,1
2025_R01,Esteban Ocon,9.961275386810303,12.950897979736329,13.0,0
2025_R01,Lewis Hamilton,7.220284056663513,10.523380422592163,10.0,1
2025_R01,Carlos Sainz,16.394413566589357,18.623548793792725,18.0,1
2025_R01,George Russell,2.098723888397217,2.5050521731376647,3.0,0
2025_R01,Oscar Piastri,8.500922203063965,9.76762580871582,9.0,1
2025_R01,Oliver Bearman,11.068563461303711,13.617711162567138,14.0,0
2025_R02,Max Verstappen,2.825464963912964,6.733204364776611,4.0,1
2025_R02,Lando Norris,1.1462320983409882,3.89015634059906,2.0,1
2025_R02,Gabriel Bortoleto,10.877609157562256,14.207775115966797,14.0,1
2025_R02,Isack Hadjar,8.91381869316101,11.833642959594727,11.0,1
2025_R02,Jack Doohan,10.311385774612427,13.537008285522461,13.0,1
2025_R02,Pierre Gasly,15.93110213279724,18.735061645507812,20.0,0
2025_R02,Kimi Antonelli,4.838600492477417,7.685993957519531,6.0,1
2025_R02,Fernando Alonso,15.298630714416504,18.664518356323242,17.0,1
2025_R02,Charles Leclerc,15.99479022026062,19.134469985961914,18.0,1
2025_R02,Lance Stroll,6.97072925567627,10.680933618545533,9.0,1
2025_R02,Yuki Tsunoda,12.691977596282959,16.7479154586792,16.0,1
2025_R02,Alexander Albon,5.89834885597229,8.359748840332031,7.0,1
2025_R02,Nico Hulkenberg,12.116283845901489,16.728686332702637,15.0,1
2025_R02,Liam Lawson,9.320230627059937,11.27737021446228,12.0,0
2025_R02,Esteban Ocon,4.341205763816833,7.306912803649902,5.0,1
2025_R02,Lewis Hamilton,16.770901012420655,19.069003677368165,19.0,1
2025_R02,Carlos Sainz,8.156862545013428,11.330336761474609,10.0,1
2025_R02,George Russell,1.4610353708267212,5.629549980163574,3.0,1
2025_R02,Oscar Piastri,1.1553630828857422,3.773591101169586,1.0,0
2025_R02,Oliver Bearman,5.761586833000183,9.875642776489258,8.0,1
2025_R03,Max Verstappen,1.0115793943405151,4.100558280944824,1.0,0
2025_R03,Lando Norris,1.0301739811897277,4.714147973060608,2.0,1
2025_R03,Gabriel Bortoleto,15.414351463317871,19.930585384368896,19.0,1
2025_R03,Isack Hadjar,6.603528785705566,9.022547721862793,8.0,1
2025_R03,Jack Doohan,11.648483371734619,15.19067096710205,15.0,1
2025_R03,Pierre Gasly,10.552987098693848,14.552475929260254,13.0,1
2025_R03,Kimi Antonelli,5.3560662269592285,8.640923500061035,6.0,1
2025_R03,Fernando Alonso,8.910881042480469,12.434454679489136,11.0,1
2025_R03,Charles Leclerc,3.023559331893921,6.618412470817566,4.0,1
2025_R03,Lance Stroll,17.263751983642578,19.7631196975708,20.0,0
2025_R03,Yuki Tsunoda,9.731740951538086,12.485802459716796,12.0,1
2025_R03,Alexander Albon,7.879190921783447,10.527461433410645,9.0,1
2025_R03,Nico Hulkenberg,14.039450120925903,18.347402572631836,16.0,1
2025_R03,Liam Lawson,14.196552276611328,18.27659034729004,17.0,1
2025_R03,Esteban Ocon,15.009480953216553,19.00706901550293,18.0,1
2025_R03,Lewis Hamilton,6.402724480628967,7.703362965583802,7.0,1
2025_R03,Carlos Sainz,11.201313972473145,14.834434843063354,14.0,1
2025_R03,George Russell,3.9246513843536377,8.085098266601562,5.0,1
2025_R03,Oscar Piastri,2.0808363914489747,5.512510418891907,3.0,1
2025_R03,Oliver Bearman,7.956547641754151,12.066583490371704,10.0,1
2025_R04,Max Verstappen,4.988415241241455,5.23359489440918,6.0,0
2025_R04,Lando Norris,2.124115777015686,2.7058632373809814,3.0,0
2025_R04,Gabriel Bortoleto,14.715312004089355,19.593089294433593,18.0,1
2025_R04,Isack Hadjar,11.127559566497803,13.843604230880738,13.0,1
2025_R04,Jack Doohan,10.857021236419678,14.705781269073487,14.0,1
2025_R04,Pierre Gasly,5.086799740791321,8.683327198028564,7.0,1
2025_R04,Kimi Antonelli,9.178274440765382,11.573408126831055,11.0,1
2025_R04,Fernando Alonso,12.407485961914062,16.372203826904293,15.0,1
2025_R04,Charles Leclerc,2.133080005645752,4.359587383270264,4.0,1
2025_R04,Lance Stroll,13.967292022705077,17.255150985717773,17.0,1
2025_R04,Yuki Tsunoda,7.098246288299561,9.169633197784423,9.0,1
2025_R04,Alexander Albon,9.671275997161866,12.931888675689697,12.0,1
2025_R04,Nico Hulkenberg,16.84421863555908,20.0,20.0,1
2025_R04,Liam Lawson,12.993571853637695,17.459033966064453,16.0,1
2025_R04,Esteban Ocon,5.7419840574264525,9.235134410858155,8.0,1
2025_R04,Lewis Hamilton,4.05222008228302,5.2416067838668825,5.0,1
2025_R04,Carlos Sainz,15.24123477935791,19.00662307739258,19.0,1
2025_R04,George Russell,1.2480440139770508,1.5710276365280151,2.0,0
2025_R04,Oscar Piastri,1.0,2.0619949102401733,1.0,1
2025_R04,Oliver Bearman,8.026126098632812,10.18938512802124,10.0,1
2025_R05,Max Verstappen,1.9366300106048584,4.6842375755310055,2.0,1
2025_R05,Lando Norris,3.266007626056671,6.1715593338012695,4.0,1
2025_R05,Gabriel Bortoleto,14.9470290184021,17.458005905151367,18.0,0
2025_R05,Isack Hadjar,7.887521266937256,11.565206813812257,10.0,1
2025_R05,Jack Doohan,14.015514039993286,18.836566734313966,17.0,1
2025_R05,Pierre Gasly,17.73434200286865,19.87368392944336,20.0,0
2025_R05,Kimi Antonelli,4.531411647796631,8.620843410491943,6.0,1
2025_R05,Fernando Alonso,8.719687128067017,11.641998434066773,11.0,1
2025_R05,Charles Leclerc,1.9962799549102783,4.645009088516235,3.0,1
2025_R05,Lance Stroll,14.006109571456909,18.21309175491333,16.0,1
2025_R05,Yuki Tsunoda,16.739643478393553,19.39903497695923,19.0,1
2025_R05,Alexander Albon,7.1236443519592285,10.27412519454956,9.0,1
2025_R05,Nico Hulkenberg,11.90914626121521,16.3729229927063,15.0,1
2025_R05,Liam Lawson,10.162654924392701,13.543474435806274,12.0,1
2025_R05,Esteban Ocon,11.009065866470337,15.454219865798951,14.0,1
2025_R05,Lewis Hamilton,6.2028398513793945,8.297688436508178,7.0,1
2025_R05,Carlos Sainz,6.44619472026825,10.351825141906739,8.0,1
2025_R05,George Russell,3.398922920227051,7.864486622810364,5.0,1
2025_R05,Oscar Piastri,1.0,3.7358993530273437,1.0,1
2025_R05,Oliver Bearman,10.82743558883667,14.155453109741211,13.0,1
2025_R06,Max Verstappen,3.945953845977783,6.609490489959716,4.0,1
2025_R06,Lando Norris,1.1780493259429932,4.613766598701477,2.0,1
2025_R06,Gabriel Bortoleto,15.927812528610229,18.822548389434814,18.0,1
2025_R06,Isack Hadjar,8.809418630599975,12.881365776062012,11.0,1
2025_R06,Jack Doohan,18.14280309677124,19.889882373809815,20.0,0
2025_R06,Pierre Gasly,10.146693420410156,12.684400510787963,13.0,0
2025_R06,Kimi Antonelli,4.7272443771362305,7.547565031051636,6.0,1
2025_R06,Fernando Alonso,12.298423719406127,16.158449268341066,15.0,1
2025_R06,Charles Leclerc,5.975702238082886,8.474373817443848,7.0,1
2025_R06,Lance Stroll,13.19977707862854,17.43604259490967,16.0,1
2025_R06,Yuki Tsunoda,7.969474816322327,10.86732587814331,10.0,1
2025_R06,Alexander Albon,3.781940257549286,7.051838445663452,5.0,1
2025_R06,Nico Hulkenberg,11.99923152923584,15.792044067382813,14.0,1
2025_R06,Liam Lawson,13.617394638061523,18.51930990219116,17.0,1
2025_R06,Esteban Ocon,9.572272253036498,13.475109338760376,12.0,1
2025_R06,Lewis Hamilton,6.450101852416992,8.63858790397644,8.0,1
2025_R06,Carlos Sainz,7.164020943641662,10.007390022277832,9.0,1
2025_R06,George Russell,1.94148850440979,5.067684507369994,3.0,1
2025_R06,Oscar Piastri,1.0,3.673431468009949,1.0,1
2025_R06,Oliver Bearman,17.327806091308595,20.0,19.0,1
2025_R07,Max Verstappen,1.0,1.1973323822021484,1.0,1
2025_R07,Lando Norris,1.1386357545852661,2.0435739040374754,2.0,1
2025_R07,Gabriel Bortoleto,14.540111064910889,19.132116317749023,18.0,1
2025_R07,Isack Hadjar,6.568959903717041,10.215496110916138,9.0,1
2025_R07,Pierre Gasly,10.206641912460327,14.052712440490723,13.0,1
2025_R07,Kimi Antonelli,15.646896934509277,19.80248956680298,19.0,1
2025_R07,Fernando Alonso,9.349726676940918,11.765425825119019,11.0,1
2025_R07,Charles Leclerc,3.986263608932495,6.280340623855591,6.0,1
2025_R07,Lance Stroll,12.213230419158936,15.695196056365967,15.0,1
2025_R07,Yuki Tsunoda,8.350130748748779,10.349392986297607,10.0,1
2025_R07,Alexander Albon,3.7068485379219056,4.644890713691711,5.0,0
2025_R07,Nico Hulkenberg,9.66860499382019,13.364826202392578,12.0,1
2025_R07,Liam Lawson,11.565061330795288,15.064704990386963,14.0,1
2025_R07,Esteban Ocon,16.70065050125122,20.0,20.0,1
2025_R07,Franco Colapinto,13.146211862564087,18.335689544677734,16.0,1
2025_R07,Lewis Hamilton,3.594575583934784,5.497792768478393,4.0,1
2025_R07,Carlos Sainz,6.106806802749634,8.909293603897094,8.0,1
2025_R07,George Russell,4.516693663597107,7.446352148056031,7.0,1
2025_R07,Oscar Piastri,2.807566738128662,3.2881903648376465,3.0,1
2025_R07,Oliver Bearman,14.001494407653809,17.508941650390625,17.0,1
2025_R08,Max Verstappen,2.8129212856292725,4.075350069999695,4.0,1
2025_R08,Lando Norris,1.0,2.2237348914146424,1.0,1
2025_R08,Gabriel Bortoleto,11.268129825592041,14.279343938827514,14.0,1
2025_R08,Isack Hadjar,4.679527592658997,6.3641420125961305,6.0,1
2025_R08,Pierre Gasly,16.86873722076416,20.0,20.0,1
2025_R08,Kimi Antonelli,14.099853372573852,18.334262466430665,18.0,1
2025_R08,Fernando Alonso,17.49843978881836,19.39198942184448,19.0,1
2025_R08,Charles Leclerc,1.1424376964569092,2.5037786960601807,2.0,1
2025_R08,Lance Stroll,11.806396102905273,15.288508892059326,15.0,1
2025_R08,Yuki Tsunoda,13.841658449172973,18.2330491065979,17.0,1
2025_R08,Alexander Albon,7.719810056686401,9.19977159500122,9.0,1
2025_R08,Nico Hulkenberg,12.957630157470703,17.42288122177124,16.0,1
2025_R08,Liam Lawson,6.464797902107239,8.478811693191528,8.0,1
2025_R08,Esteban Ocon,5.146236896514893,7.2338907480239865,7.0,1
2025_R08,Franco Colapinto,10.036747932434082,13.457703590393066,13.0,1
2025_R08,Lewis Hamilton,3.5823285579681396,4.6559202671051025,5.0,0
2025_R08,Carlos Sainz,7.721069622039795,10.734342098236084,10.0,1
2025_R08,George Russell,8.662320613861084,10.502027368545532,11.0,0
2025_R08,Oscar Piastri,1.9207813739776611,3.2869696617126465,3.0,1
2025_R08,Oliver Bearman,9.156348419189452,11.369834804534912,12.0,0
2025_R09,Max Verstappen,8.253854751586914,10.369681072235107,10.0,1
2025_R09,Lando Norris,1.1909247636795044,2.465084969997406,2.0,1
2025_R09,Gabriel Bortoleto,10.41164526939392,13.253775262832642,12.0,1
2025_R09,Isack Hadjar,4.9023442506790165,7.632539319992065,7.0,1
2025_R09,Pierre Gasly,6.068028473854065,8.941887664794923,8.0,1
2025_R09,Kimi Antonelli,14.44573907852173,18.151472091674805,18.0,1
2025_R09,Fernando Alonso,7.890785717964173,10.70792260169983,9.0,1
2025_R09,Charles Leclerc,2.2029346585273744,2.896721839904785,3.0,0
2025_R09,Yuki Tsunoda,9.997737503051757,12.992488956451416,13.0,0
2025_R09,Alexander Albon,16.060550689697266,18.9924259185791,19.0,0
2025_R09,Nico Hulkenberg,4.395184516906738,6.320750379562377,5.0,1
2025_R09,Liam Lawson,9.067437982559204,11.284338665008544,11.0,1
2025_R09,Esteban Ocon,13.07307243347168,17.888823604583738,16.0,1
2025_R09,Franco Colapinto,11.838704490661621,16.1262957572937,15.0,1
2025_R09,Lewis Hamilton,4.6293545961380005,6.342379903793335,6.0,1
2025_R09,Carlos Sainz,11.225938653945922,15.2932213306427,14.0,1
2025_R09,George Russell,2.7938629388809204,4.6535115242004395,4.0,1
2025_R09,Oscar Piastri,1.0095511019229888,2.6491925716400146,1.0,0
2025_R09,Oliver Bearman,13.69248423576355,18.210385894775392,17.0,1
2025_R10,Max Verstappen,1.137775182723999,2.296599876880646,2.0,1
2025_R10,Lando Norris,14.35295877456665,17.90904598236084,18.0,0
2025_R10,Gabriel Bortoleto,11.33550305366516,15.463322544097899,14.0,1
2025_R10,Isack Hadjar,12.941521787643433,16.688581466674805,16.0,1
2025_R10,Pierre Gasly,11.971416807174682,14.576695537567138,15.0,0
2025_R10,Kimi Antonelli,1.9810762465000153,2.7210204005241394,3.0,0
2025_R10,Fernando Alonso,5.580232262611389,6.98336136341095,7.0,0
2025_R10,Charles Leclerc,2.993436908721924,5.747925448417663,5.0,1
2025_R10,Lance Stroll,13.939072036743164,18.342263603210448,17.0,1
2025_R10,Yuki Tsunoda,9.533037471771241,12.40352749824524,12.0,1
2025_R10,Alexander Albon,16.704288673400878,20.0,20.0,1
2025_R10,Nico Hulkenberg,6.609430480003357,8.838403367996216,8.0,1
2025_R10,Liam Lawson,16.108509159088136,19.738929653167723,19.0,1
2025_R10,Esteban Ocon,7.311801433563232,9.630282163619995,9.0,1
2025_R10,Franco Colapinto,10.041857433319091,13.331623649597168,13.0,1
2025_R10,Lewis Hamilton,4.575670528411865,6.254306030273438,6.0,1
2025_R10,Carlos Sainz,8.016009330749512,10.727799224853515,10.0,1
2025_R10,George Russell,1.2595876455307007,2.3614261627197264,1.0,0
2025_R10,Oscar Piastri,2.269327771663666,4.6010390520095825,4.0,1
2025_R10,Oliver Bearman,8.84988112449646,11.303763151168823,11.0,1
2025_R11,Max Verstappen,17.133555507659914,19.199297523498537,18.0,1
2025_R11,Lando Norris,1.0,2.0756288528442384,1.0,1
2025_R11,Gabriel Bortoleto,5.918454718589783,8.88153395652771,8.0,1
2025_R11,Isack Hadjar,9.398475074768067,12.710389041900635,12.0,1
2025_R11,Pierre Gasly,9.99127197265625,14.045334148406983,13.0,1
2025_R11,Kimi Antonelli,16.60586271286011,19.49177465438843,19.0,1
2025_R11,Fernando Alonso,5.978957653045654,9.042386484146117,7.0,1
2025_R11,Charles Leclerc,1.453972762823105,3.2149295568466187,3.0,1
2025_R11,Lance Stroll,12.092798233032227,15.355668878555297,14.0,1
2025_R11,Yuki Tsunoda,13.47026948928833,17.51923828125,16.0,1
2025_R11,Alexander Albon,14.360965156555176,18.374397945404052,17.0,1
2025_R11,Nico Hulkenberg,7.502831745147705,9.416768074035645,9.0,1
2025_R11,Liam Lawson,5.045942044258117,8.123893690109252,6.0,1
2025_R11,Esteban Ocon,8.104549407958984,11.104597520828246,10.0,1
2025_R11,Franco Colapinto,12.592868757247924,15.825535774230957,15.0,1
2025_R11,Lewis Hamilton,2.6921122550964354,4.695790886878967,4.0,1
2025_R11,Carlos Sainz,18.037203884124757,20.0,20.0,1
2025_R11,George Russell,3.859867811203003,5.16972861289978,5.0,1
2025_R11,Oscar Piastri,1.216496467590332,1.5087834477424622,2.0,0
2025_R11,Oliver Bearman,8.984760093688966,11.596428966522216,11.0,1
2025_R12,Max Verstappen,4.733189225196838,5.610865116119385,5.0,1
2025_R12,Lando Norris,1.0,1.3543974459171295,1.0,1
2025_R12,Gabriel Bortoleto,14.917078971862793,19.652404689788817,18.0,1
2025_R12,Isack Hadjar,13.956236839294434,18.02368745803833,17.0,1
2025_R12,Pierre Gasly,4.884519696235657,6.707114291191101,6.0,1
2025_R12,Kimi Antonelli,13.275747203826905,16.8982271194458,16.0,1
2025_R12,Fernando Alonso,6.944418454170227,9.680657482147216,9.0,1
2025_R12,Charles Leclerc,10.987121868133546,13.960599899291992,14.0,0
2025_R12,Lance Stroll,4.638131237030029,8.002523422241211,7.0,1
2025_R12,Yuki Tsunoda,12.694261837005616,15.876401472091676,15.0,1
2025_R12,Alexander Albon,6.453446698188782,8.402911138534545,8.0,1
2025_R12,Nico Hulkenberg,2.721101939678192,4.631507873535156,3.0,1
2025_R12,Liam Lawson,17.155754184722902,19.84421863555908,19.0,1
2025_R12,Esteban Ocon,10.85192813873291,13.41169810295105,13.0,1
2025_R12,Franco Colapinto,17.58454484939575,20.0,20.0,1
2025_R12,Lewis Hamilton,3.0025951504707336,3.3845107555389404,4.0,0
2025_R12,Carlos Sainz,9.560026168823242,12.889181470870971,12.0,1
2025_R12,George Russell,7.428956508636475,10.158706998825073,10.0,1
2025_R12,Oscar Piastri,1.180507618188858,2.1771979570388793,2.0,1
2025_R12,Oliver Bearman,8.700698280334473,11.68681960105896,11.0,1
2025_R13,Max Verstappen,2.8306050300598145,4.714382314682007,4.0,1
2025_R13,Lando Norris,2.0028884410858154,3.2742223739624023,2.0,0
2025_R13,Gabriel Bortoleto,7.100949382781982,9.151572322845459,9.0,1
2025_R13,Isack Hadjar,16.700017070770265,19.631660842895506,20.0,0
2025_R13,Pierre Gasly,8.013673353195191,10.193453788757324,10.0,1
2025_R13,Kimi Antonelli,12.686456680297852,16.0280704498291,16.0,1
2025_R13,Fernando Alonso,13.905158996582031,16.559922695159912,17.0,0
2025_R13,Charles Leclerc,1.8547710180282593,3.468792676925659,3.0,1
2025_R13,Lance Stroll,11.044174480438233,15.211273050308227,14.0,1
2025_R13,Yuki Tsunoda,11.713646602630615,13.159768915176391,13.0,1
2025_R13,Alexander Albon,4.240627598762512,6.230686187744141,6.0,1
2025_R13,Nico Hulkenberg,10.463770532608033,12.313116407394409,12.0,1
2025_R13,Liam Lawson,6.455327081680298,8.334385442733765,8.0,1
2025_R13,Esteban Ocon,12.787485790252685,16.162593173980714,15.0,1
2025_R13,Franco Colapinto,16.5126971244812,19.382877922058107,19.0,1
2025_R13,Lewis Hamilton,4.124463319778442,6.441688060760498,7.0,0
2025_R13,Carlos Sainz,14.333859920501709,19.12775421142578,18.0,1
2025_R13,George Russell,3.9404274821281433,4.634501647949219,5.0,0
2025_R13,Oscar Piastri,1.0,1.3930032849311829,1.0,1
2025_R13,Oliver Bearman,8.89908218383789,11.317370414733887,11.0,1
2025_R14,Max Verstappen,6.705915141105652,9.629940080642701,9.0,1
2025_R14,Lando Norris,1.0,3.8508094191551208,1.0,1
2025_R14,Gabriel Bortoleto,4.798466801643372,7.474597859382629,6.0,1
2025_R14,Isack Hadjar,9.201274871826172,13.519803953170776,11.0,1
2025_R14,Pierre Gasly,15.99489254951477,19.910747528076172,19.0,1
2025_R14,Kimi Antonelli,8.399645948410035,11.731414222717286,10.0,1
2025_R14,Fernando Alonso,3.975311040878296,7.47352705001831,5.0,1
2025_R14,Charles Leclerc,3.814524245262146,4.355102562904358,4.0,1
2025_R14,Lance Stroll,5.504472613334656,9.383619499206542,7.0,1
2025_R14,Yuki Tsunoda,14.286692905426026,16.618050956726073,17.0,0
2025_R14,Alexander Albon,11.822722339630127,15.089736461639404,15.0,1
2025_R14,Nico Hulkenberg,10.613008546829224,14.099009227752685,13.0,1
2025_R14,Liam Lawson,6.945969915390014,9.432985830307008,8.0,1
2025_R14,Esteban Ocon,13.651310014724732,17.639807319641115,16.0,1
2025_R14,Franco Colapinto,14.451643180847167,18.857555103302,18.0,1
2025_R14,Lewis Hamilton,10.173147678375244,14.353943157196044,12.0,1
2025_R14,Carlos Sainz,11.963986158370972,14.875628471374512,14.0,1
2025_R14,George Russell,1.9021009922027587,2.470068871974945,3.0,0
2025_R14,Oscar Piastri,1.0201939702033997,2.3512322545051574,2.0,1
2025_R14,Oliver Bearman,17.131385135650635,20.0,20.0,1
2025_R15,Max Verstappen,1.3748359680175781,1.763412469625473,2.0,0
2025_R15,Lando Norris,16.799513626098634,18.464699268341064,18.0,1
2025_R15,Gabriel Bortoleto,12.350370121002197,15.919501256942748,15.0,1
2025_R15,Isack Hadjar,2.0832347869873047,2.740254247188568,3.0,0
2025_R15,Pierre Gasly,13.730475902557373,18.696502685546875,17.0,1
2025_R15,Kimi Antonelli,13.291357278823853,16.631693267822264,16.0,1
2025_R15,Fernando Alonso,6.830830597877503,8.047301959991454,8.0,1
2025_R15,Charles Leclerc,17.174293518066406,19.44591941833496,19.0,1
2025_R15,Lance Stroll,5.308097338676452,7.547228050231934,7.0,1
2025_R15,Yuki Tsunoda,7.062384223937988,9.398305892944336,9.0,1
2025_R15,Alexander Albon,4.42872531414032,5.969997453689575,5.0,1
2025_R15,Nico Hulkenberg,11.253626680374145,15.15591835975647,14.0,1
2025_R15,Liam Lawson,9.499446296691895,12.341490840911865,12.0,1
2025_R15,Esteban Ocon,6.8475688934326175,10.105899143218995,10.0,1
2025_R15,Franco Colapinto,8.4625244140625,11.696431159973145,11.0,1
2025_R15,Lewis Hamilton,19.32122230529785,20.0,20.0,1
2025_R15,Carlos Sainz,10.247855377197265,13.683649063110352,13.0,1
2025_R15,George Russell,2.9812439680099487,3.2277877926826477,4.0,0
2025_R15,Oscar Piastri,1.1090309560298919,2.098364019393921,1.0,0
2025_R15,Oliver Bearman,4.5976890325546265,6.550326800346374,6.0,1
2025_R16,Max Verstappen,1.0,3.9910213947296143,1.0,1
2025_R16,Lando Norris,1.0557687282562256,4.60009241104126,2.0,1
2025_R16,Gabriel Bortoleto,6.186095571517944,10.208146953582764,8.0,1
2025_R16,Isack Hadjar,7.171804809570313,10.468654823303222,10.0,1
2025_R16,Pierre Gasly,12.827878713607788,15.257586908340453,16.0,0
2025_R16,Kimi Antonelli,7.8364990711212155,10.300572299957276,9.0,1
2025_R16,Fernando Alonso,15.960846757888794,19.39433937072754,19.0,1
2025_R16,Charles Leclerc,2.748075306415558,6.349391913414001,4.0,1
2025_R16,Lance Stroll,14.778970718383789,19.421323776245117,18.0,1
2025_R16,Yuki Tsunoda,11.047244024276733,14.406005764007569,13.0,1
2025_R16,Alexander Albon,5.84005880355835,7.951847624778748,7.0,1
2025_R16,Nico Hulkenberg,18.051164627075195,19.887408542633057,20.0,0
2025_R16,Liam Lawson,11.205449342727661,15.814223384857177,14.0,1
2025_R16,Esteban Ocon,12.83167223930359,17.145781135559083,15.0,1
2025_R16,Franco Colapinto,14.497607660293578,19.202296638488768,17.0,1
2025_R16,Lewis Hamilton,5.036223983764648,6.951685500144959,6.0,1
2025_R16,Carlos Sainz,8.825852823257446,11.787304878234863,11.0,1
2025_R16,George Russell,4.015881896018982,7.5200317859649655,5.0,1
2025_R16,Oscar Piastri,1.9147683203220367,5.594080924987793,3.0,1
2025_R16,Oliver Bearman,9.71147928237915,14.278356742858886,12.0,1
2025_R17,Max Verstappen,1.0609904527664185,4.256137847900391,1.0,0
2025_R17,Lando Norris,5.901226043701172,9.353885602951049,7.0,1
2025_R17,Gabriel Bortoleto,8.903641414642333,12.04669394493103,11.0,1
2025_R17,Isack Hadjar,7.915920734405518,11.592941570281983,10.0,1
2025_R17,Pierre Gasly,15.011458492279052,19.51673517227173,18.0,1
2025_R17,Kimi Antonelli,3.0177361488342287,5.448185086250305,4.0,1
2025_R17,Fernando Alonso,12.69460163116455,16.065903091430663,15.0,1
2025_R17,Charles Leclerc,7.215460324287415,10.249732971191406,9.0,1
2025_R17,Lance Stroll,13.439642667770386,18.850270462036132,17.0,1
2025_R17,Yuki Tsunoda,5.1369473218917845,7.085922384262085,6.0,1
2025_R17,Alexander Albon,10.719575214385987,13.326394176483154,13.0,1
2025_R17,Nico Hulkenberg,13.03132734298706,17.442096996307374,16.0,1
2025_R17,Liam Lawson,3.37124707698822,7.042739391326904,5.0,1
2025_R17,Esteban Ocon,11.210470008850098,13.321790266036988,14.0,0
2025_R17,Franco Colapinto,15.850436353683472,19.721577072143553,19.0,1
2025_R17,Lewis Hamilton,6.870132184028625,8.795580101013183,8.0,1
2025_R17,Carlos Sainz,2.359506070613861,4.458249521255493,3.0,1
2025_R17,George Russell,1.4163218975067138,4.218433380126953,2.0,1
2025_R17,Oscar Piastri,17.510276794433594,20.0,20.0,1
2025_R17,Oliver Bearman,9.847468328475951,12.986015558242798,12.0,1
2025_R18,Max Verstappen,1.0683471262454987,4.578075814247131,2.0,1
2025_R18,Lando Norris,2.035659444332123,4.692947435379028,3.0,1
2025_R18,Gabriel Bortoleto,13.525472402572632,18.76176996231079,17.0,1
2025_R18,Isack Hadjar,8.721736097335816,12.504967546463012,11.0,1
2025_R18,Pierre Gasly,16.177242469787597,20.0,19.0,1
2025_R18,Kimi Antonelli,3.7323623418807985,7.291646718978882,5.0,1
2025_R18,Fernando Alonso,5.896490812301636,8.452306795120238,7.0,1
2025_R18,Charles Leclerc,5.045984554290771,7.3925513267517085,6.0,1
2025_R18,Lance Stroll,10.75592212677002,14.0939480304718,13.0,1
2025_R18,Yuki Tsunoda,9.606261205673217,13.374497509002685,12.0,1
2025_R18,Alexander Albon,11.322925901412964,13.520893955230713,14.0,0
2025_R18,Nico Hulkenberg,16.69201316833496,19.882597064971925,20.0,0
2025_R18,Liam Lawson,12.457781171798706,16.782005500793456,15.0,1
2025_R18,Esteban Ocon,14.87282919883728,19.593094921112062,18.0,1
2025_R18,Franco Colapinto,13.555510663986206,18.51135034561157,16.0,1
2025_R18,Lewis Hamilton,5.939003872871399,8.40739917755127,8.0,1
2025_R18,Carlos Sainz,6.794048738479614,10.906867027282715,10.0,1
2025_R18,George Russell,1.0103098034858704,4.04967942237854,1.0,0
2025_R18,Oscar Piastri,2.2830732822418214,6.691519641876221,4.0,1
2025_R18,Oliver Bearman,6.870719647407531,10.43391318321228,9.0,1
2025_R19,Max Verstappen,1.1965880393981934,4.361478042602539,1.0,0
2025_R19,Lando Norris,1.099574363231659,4.610464382171631,2.0,1
2025_R19,Gabriel Bortoleto,14.305485963821411,19.35658130645752,18.0,1
2025_R19,Isack Hadjar,12.565514373779298,16.54612789154053,16.0,1
2025_R19,Pierre Gasly,16.326955699920653,19.73642044067383,19.0,1
2025_R19,Kimi Antonelli,10.75456748008728,14.123396873474121,13.0,1
2025_R19,Fernando Alonso,8.00458550453186,11.988671875,10.0,1
2025_R19,Charles Leclerc,2.0398309230804443,5.589663434028625,3.0,1
2025_R19,Lance Stroll,9.095170068740845,13.341530895233154,12.0,1
2025_R19,Yuki Tsunoda,5.497208833694458,9.22089266777038,7.0,1
2025_R19,Alexander Albon,11.239306116104126,15.300827789306641,14.0,1
2025_R19,Nico Hulkenberg,6.112444877624512,8.340330553054809,8.0,1
2025_R19,Liam Lawson,8.729968643188476,12.288352966308594,11.0,1
2025_R19,Esteban Ocon,12.372789764404297,16.180059146881103,15.0,1
2025_R19,Franco Colapinto,14.67639217376709,18.676643466949464,17.0,1
2025_R19,Lewis Hamilton,3.024215292930603,5.704200172424317,4.0,1
2025_R19,Carlos Sainz,17.561334228515626,19.942537212371825,20.0,0
2025_R19,George Russell,4.20491738319397,8.77592043876648,6.0,1
2025_R19,Oscar Piastri,3.776225435733795,6.490775012969971,5.0,1
2025_R19,Oliver Bearman,7.157168865203857,10.815036869049072,9.0,1
2025_R20,Max Verstappen,1.7382945775985719,5.03344497680664,3.0,1
2025_R20,Lando Norris,1.0,3.955476665496826,1.0,1
2025_R20,Gabriel Bortoleto,8.471693992614746,12.353930902481078,10.0,1
2025_R20,Isack Hadjar,9.873095512390137,15.003758955001832,13.0,1
2025_R20,Pierre Gasly,12.0580810546875,15.365204811096191,15.0,1
2025_R20,Kimi Antonelli,5.321858978271484,6.183795690536499,6.0,1
2025_R20,Fernando Alonso,14.74839973449707,19.679731369018555,18.0,1
2025_R20,Charles Leclerc,1.0104467868804932,4.680585026741028,2.0,1
2025_R20,Lance Stroll,10.951890850067139,14.082008743286133,14.0,1
2025_R20,Yuki Tsunoda,8.780639219284058,13.412381362915038,11.0,1
2025_R20,Alexander Albon,10.263074445724488,13.670172691345215,12.0,1
2025_R20,Nico Hulkenberg,17.859589958190917,19.34386739730835,19.0,1
2025_R20,Liam Lawson,17.079267501831055,20.0,20.0,1
2025_R20,Esteban Ocon,7.342550539970398,9.585910987854003,9.0,1
2025_R20,Franco Colapinto,12.8781982421875,15.591341257095337,16.0,0
2025_R20,Lewis Hamilton,5.575672578811646,8.30015664100647,8.0,1
2025_R20,Carlos Sainz,14.040326595306396,18.044463539123534,17.0,1
2025_R20,George Russell,5.124947547912598,7.422052478790283,7.0,1
2025_R20,Oscar Piastri,3.5943034648895265,4.586111307144165,5.0,0
2025_R20,Oliver Bearman,2.697224295139313,5.061275935173034,4.0,1
2025_R21,Max Verstappen,2.5155990600585936,3.898625886440277,3.0,1
2025_R21,Lando Norris,1.019950270652771,2.1966969966888428,1.0,0
2025_R21,Gabriel Bortoleto,17.81756019592285,20.0,20.0,1
2025_R21,Isack Hadjar,6.35728542804718,9.22555594444275,8.0,1
2025_R21,Pierre Gasly,7.666451525688172,11.63289566040039,10.0,1
2025_R21,Kimi Antonelli,1.3818675935268403,2.328444004058838,2.0,1
2025_R21,Fernando Alonso,10.871797180175781,14.636340618133545,14.0,1
2025_R21,Charles Leclerc,18.85817346572876,19.45257749557495,19.0,1
2025_R21,Lance Stroll,12.798816585540772,17.191339778900147,16.0,1
2025_R21,Yuki Tsunoda,13.761178302764893,18.528540420532227,17.0,1
2025_R21,Alexander Albon,8.793180513381959,11.356783151626587,11.0,1
2025_R21,Nico Hulkenberg,7.172014284133911,10.749828720092772,9.0,1
2025_R21,Liam Lawson,5.709915685653686,9.046686697006226,7.0,1
2025_R21,Esteban Ocon,9.544608211517334,11.522795152664184,12.0,0
2025_R21,Franco Colapinto,11.941599655151368,16.209758377075197,15.0,1
2025_R21,Lewis Hamilton,14.42790117263794,17.794051361083984,18.0,0
2025_R21,Carlos Sainz,10.685319995880127,13.10092887878418,13.0,1
2025_R21,George Russell,2.614339828491211,3.0919034004211428,4.0,0
2025_R21,Oscar Piastri,3.829138970375061,5.268242859840393,5.0,1
2025_R21,Oliver Bearman,4.219680571556092,6.249163484573364,6.0,1
2025_R22,Max Verstappen,1.0,3.8566694259643555,1.0,1
2025_R22,Lando Norris,16.17040605545044,19.475650787353516,19.0,1
2025_R22,Gabriel Bortoleto,14.09395980834961,18.29559898376465,17.0,1
2025_R22,Isack Hadjar,5.039855098724365,7.912055468559265,6.0,1
2025_R22,Pierre Gasly,10.375179338455201,13.71212387084961,13.0,1
2025_R22,Kimi Antonelli,2.5659377455711363,5.437971115112305,3.0,1
2025_R22,Fernando Alonso,9.888811540603637,12.62959690093994,11.0,1
2025_R22,Charles Leclerc,3.5468711495399474,6.080102968215942,4.0,1
2025_R22,Lance Stroll,16.564260482788086,18.930664348602296,18.0,1
2025_R22,Yuki Tsunoda,9.767990398406983,11.718269681930542,12.0,0
2025_R22,Alexander Albon,12.911474227905273,17.940266704559328,16.0,1
2025_R22,Nico Hulkenberg,5.692090249061584,8.584503412246704,7.0,1
2025_R22,Liam Lawson,12.060668849945069,14.826520347595215,14.0,1
2025_R22,Esteban Ocon,7.000770616531372,9.98992953300476,9.0,1
2025_R22,Franco Colapinto,12.909597396850586,16.79928913116455,15.0,1
2025_R22,Lewis Hamilton,5.136805438995362,8.115628242492676,8.0,1
2025_R22,Carlos Sainz,3.497939109802246,7.239726996421814,5.0,1
2025_R22,George Russell,1.2974576354026794,4.435223579406738,2.0,1
2025_R22,Oscar Piastri,18.43434429168701,20.0,20.0,1
2025_R22,Oliver Bearman,8.046620178222657,10.714966201782227,10.0,1
2025_R23,Max Verstappen,1.0,1.1828543543815613,1.0,1
2025_R23,Lando Norris,2.9280917644500732,4.187848663330078,4.0,1
2025_R23,Gabriel Bortoleto,10.121422243118285,12.61632981300354,13.0,0
2025_R23,Isack Hadjar,14.327978134155273,17.911324310302735,18.0,0
2025_R23,Pierre Gasly,12.756914615631104,16.793637657165526,16.0,1
2025_R23,Kimi Antonelli,4.096641182899475,5.487943172454834,5.0,1
2025_R23,Fernando Alonso,5.293629169464111,7.082955622673035,7.0,1
2025_R23,Charles Leclerc,6.344406151771546,8.586580896377564,8.0,1
2025_R23,Lance Stroll,14.019739580154418,17.877837276458738,17.0,1
2025_R23,Yuki Tsunoda,8.32035036087036,10.23196039199829,10.0,1
2025_R23,Alexander Albon,8.599244546890258,11.192847967147827,11.0,1
2025_R23,Nico Hulkenberg,18.03055477142334,19.920135498046875,20.0,0
2025_R23,Liam Lawson,7.1301384449005125,9.22377872467041,9.0,1
2025_R23,Esteban Ocon,12.732315826416016,16.289246368408204,15.0,1
2025_R23,Franco Colapinto,11.069896459579468,13.32987847328186,14.0,0
2025_R23,Lewis Hamilton,9.53700098991394,12.807411623001098,12.0,1
2025_R23,Carlos Sainz,2.884194803237915,3.7146366596221925,3.0,1
2025_R23,George Russell,4.29329559803009,6.248133325576783,6.0,1
2025_R23,Oscar Piastri,1.970615428686142,2.2983837127685547,2.0,1
2025_R23,Oliver Bearman,15.769440650939941,19.153814792633057,19.0,1
2025_R24,Max Verstappen,1.028141301870346,4.370460033416748,1.0,0
2025_R24,Lando Norris,1.305362582206726,3.1075083136558534,3.0,1
2025_R24,Gabriel Bortoleto,9.547943496704102,12.399433994293213,11.0,1
2025_R24,Isack Hadjar,14.243889141082764,18.259165954589843,17.0,1
2025_R24,Pierre Gasly,16.292087078094482,20.0,19.0,1
2025_R24,Kimi Antonelli,11.793297910690308,16.514077568054198,15.0,1
2025_R24,Fernando Alonso,5.119503331184387,8.06067180633545,6.0,1
2025_R24,Charles Leclerc,3.1108148097991943,3.5444700479507447,4.0,0
2025_R24,Lance Stroll,8.57892827987671,11.38798999786377,10.0,1
2025_R24,Yuki Tsunoda,12.270423889160156,15.375068521499633,14.0,1
2025_R24,Alexander Albon,13.031471967697144,17.321382999420166,16.0,1
2025_R24,Nico Hulkenberg,6.514411902427673,9.759473991394042,9.0,1
2025_R24,Liam Lawson,15.681364727020263,18.808888816833495,18.0,1
2025_R24,Esteban Ocon,6.036791801452637,8.368890476226806,7.0,1
2025_R24,Franco Colapinto,17.125850009918214,19.9960898399353,20.0,0
2025_R24,Lewis Hamilton,6.0349183797836305,9.02485523223877,8.0,1
2025_R24,Carlos Sainz,11.309838819503785,14.575479888916016,13.0,1
2025_R24,George Russell,3.7247039675712585,7.558853387832642,5.0,1
2025_R24,Oscar Piastri,1.3872226774692535,3.955060660839081,2.0,1
2025_R24,Oliver Bearman,9.540599536895751,12.675442457199097,12.0,1
